ingredient_id,date,nome_ingrediente,unidade,categoria_id,is_compravel,is_produzido_internamente,categoria,perfil_perecivel_estimado,quantidade_por_unidade_de_compra,saldo_atual,consumo_ingrediente_dia,dia_da_semana,is_friday,dias_ate_sexta,is_weekend,mes,semana_do_ano,dia_do_mes,is_summer,is_sao_joao,is_holiday,nome_feriado,tipo_feriado,is_carnaval_window,menor_preco_disponivel,preco_medio_disponivel,maior_preco_disponivel,menor_lead_time,lead_time_medio_fornecedores,qtd_fornecedores_disponiveis,maior_desconto_disponivel,min_to_discount,fornecedor_mais_barato,fornecedor_mais_rapido,preco_min_max_ratio,flag_indisponibilidade,ingrediente_afetado_por_indisponibilidade,produto_indisponivel_relacionado,dias_em_indisponibilidade,audit_qtd_pedida_no_dia,audit_valor_pedido_no_dia,audit_comprou_no_dia,audit_order_type_no_dia,lead_time_pedido_no_dia,saldo_lag_1,saldo_lag_7,variacao_estoque_1d,variacao_estoque_7d,flag_ruptura,consumo_lag_1d,consumo_lag_7d,consumo_lag_14d,consumo_lag_28d,media_movel_consumo_7d,desvio_consumo_7d,consumo_max_7d,media_movel_consumo_14d,desvio_consumo_14d,consumo_max_14d,media_movel_consumo_28d,desvio_consumo_28d,consumo_max_28d,tendencia_consumo_7_vs_28,dias_desde_ultimo_consumo,qtd_pedida_no_dia_audit,comprou_no_dia_audit,valor_pedido_no_dia_audit,order_type_no_dia_audit,total_pedido_30d,media_qtd_pedida_30d,lead_time_medio_realizado,dias_desde_ultimo_pedido,qtd_ultimo_pedido,tipo_ultimo_pedido,pedidos_em_aberto,qtd_em_transito,estoque_em_aberto,qtd_em_transito_no_horizonte,dias_para_proxima_entrega,stock_position,lead_time_previsto,dias_de_cobertura,flag_subestoque,flag_sobrestoque,y_qtd_comprar,y_threshold,y_comprar,y_demanda_futura_horizonte,y_demanda_futura_lead_time,safety_stock,horizonte_dias,target_horizonte_completo,baseline_threshold,baseline_order_up_to,baseline_qtd_comprar,baseline_comprar,criticidade_score,y_criticidade_score,y_nivel_criticidade,split_temporal
ING0063,2023-01-02,ESPAGUETE,KG,CAT0006,1,0,"Grãos, Farinhas e Massas",neutro,0.5,0.29,0.24,0,0,4,0,1,1,2,1,0,0,,,0,11.51,12.67,13.78,4,4.333333333333333,3,0.15,0,FOR0005,FOR0005,0.8352685050798259,0,0,,0,,,,,,0.29,0.0,0.0,0.0,0,0.0,0.0,0.0,0.0,0.12,0.1697056274847714,0.24,0.12,0.1697056274847714,0.24,0.12,0.1697056274847714,0.24,1.0,0,0.0,0,0.0,,0.0,0.0,4.333333333333333,9999,0.0,,0,0.0,0.0,0.0,9999,0.29,4,2.4166666666666665,1,0,13.0,4.160028570699746,1,12.479999999999997,3.6,0.5600285706997457,11,1,1.0400285706997456,1.8800285706997453,2.0,1,0.2788384936433851,0.0697110596890011,Emergencial,train
ING0016,2023-01-24,ESSÊNCIA DE BAUNILHA,L,CAT0002,1,0,Bebidas e Bases,neutro,0.5,0.75,0.0,1,0,3,0,1,4,24,1,0,0,,,0,91.26,97.16666666666669,101.2,3,3.6666666666666665,3,0.1,0,FOR0011,FOR0011,0.9017786561264822,0,0,,0,,,,,,0.0,0.0,0.75,0.75,0,0.0,0.0,0.0,0.0,0.0,0.0,0.0,0.0,0.0,0.0,0.0,0.0,0.0,0.0,9999,0.0,0,0.0,,4.96,0.2156521739130434,4.75,18,0.44,sexta,0,0.0,0.0,0.0,9999,0.75,3,999.0,0,1,0.0,0.0,0,0.0,0.0,0.0,10,1,0.0,0.0,0.0,0,999.0,999.0,OK,train
ING0066,2023-01-31,FARINHA DE TRIGO,KG,CAT0006,1,0,"Grãos, Farinhas e Massas",seco,0.5,758.76,44.25239134199134,1,0,3,0,1,5,31,1,0,0,,,0,6.91,7.78,8.59,4,4.333333333333333,3,0.08,0,FOR0005,FOR0005,0.8044237485448196,0,0,,0,,,,,,0.0,284.54,758.76,474.22,0,11.658873593073592,8.899975757575758,3.743599134199134,10.83389264069264,15.417173407544835,14.595625630536196,44.25239134199134,13.318615089672234,10.607285616785395,44.25239134199134,10.304408348794064,8.597674724855725,44.25239134199134,1.4961725977551272,0,0.0,0,0.0,,690.5,23.016666666666666,4.25,4,199.0,sexta,1,199.0,199.0,199.0,1,957.76,4,56.96988725114308,0,1,0.0,61.45649282579011,0,81.86924848484847,33.08416623376621,28.37232659202389,11,1,69.58995998720015,141.7208184287586,0.0,0,13.762904881338676,15.584358233961536,OK,train
ING0243,2023-02-10,ÓLEO DE GERGELIM,L,CAT0014,1,0,Óleos e Gorduras,neutro,0.5,0.04,0.06,4,1,0,0,2,6,10,1,0,0,,,0,92.86,93.6,94.34,4,4.5,2,0.08,0,FOR0010,FOR0025,0.984312062751749,0,0,,0,0.5,42.6,1.0,sexta,4.0,5.62,5.62,-5.58,-5.58,0,0.06,0.04,0.5,0.1,0.1542857142857142,0.1917339426442402,0.54,0.1971428571428571,0.2250274708504778,0.76,0.2057142857142857,0.1966276528427114,0.76,0.75,0,0.5,1,42.6,sexta,2.0,0.0666666666666666,6.25,7,0.5,sexta,0,0.0,0.0,0.0,9999,0.04,4,0.2028985507246377,1,0,2.5,1.2888712543809466,1,1.8599999999999997,0.6399999999999988,0.6488712543809478,11,1,1.4717283972380906,2.9117283972380905,3.0,1,0.027178927902095,0.0310349073765418,Emergencial,train
ING0116,2023-02-11,RÚCULA,KG,CAT0008,1,0,Legumes e Verduras,neutro,0.5,4.05,0.06,5,0,6,1,2,6,11,1,0,0,,,0,21.43,22.58,23.73,1,1.0,2,0.1,0,FOR0023,FOR0023,0.9030762747576908,0,0,,0,,,,,,0.02,4.05,4.03,0.0,0,0.36,0.3,0.18,0.36,0.0942857142857142,0.1247473637473143,0.36,0.1271428571428571,0.1229401712797151,0.36,0.1414285714285714,0.1162282010055851,0.46,0.6666666666666666,0,0.0,0,0.0,,5.66,0.1886666666666666,1.5,1,1.5,sexta,0,0.0,0.0,0.0,9999,4.05,1,31.85393258426966,0,1,0.0,0.4717765316592157,0,1.2199999999999989,0.2800000000000002,0.1917765316592155,8,1,0.3332051030877869,1.323205103087787,0.0,0,12.15467579118372,8.584572839510141,OK,train
ING0002,2023-02-13,AÇÚCAR DE CONFEITEIRO,KG,CAT0001,1,0,Açúcares e Mel,neutro,0.5,68.4,1.7268181818181818,0,0,4,0,2,7,13,1,0,0,,,0,14.02,14.823333333333332,16.1,3,3.333333333333333,3,0.1,0,FOR0001,FOR0001,0.870807453416149,0,0,,0,,,,,,0.06,25.65,68.34,42.75000000000001,0,1.2414545454545454,0.6849090909090909,0.9619090909090908,0.8019090909090909,1.153116883116883,0.4415686279701025,1.7268181818181818,1.6245259740259737,1.322067372543576,5.332636363636364,1.474762987012987,1.1501062756390523,5.332636363636364,0.7818997989991787,0,0.0,0,0.0,,31.68,1.056,3.625,3,0.5,sexta,1,0.5,0.5,0.5,2,68.9,3,42.10458995031519,0,1,0.0,11.240870130792572,0,14.481909090909085,7.9539999999999935,3.2868701307925794,10,1,7.71115909183154,18.03450000092245,0.0,0,8.935102904696395,6.129418737012132,OK,train
ING0169,2023-02-20,ARROZ PARBOILIZADO COZIDO,KG,CAT0012,1,0,Semi-prontos e Preparados,seco,0.5,19.13,0.0,0,0,4,0,2,8,20,1,0,1,Segunda de Carnaval,FACULTATIVO,1,8.05,8.673333333333334,9.54,3,3.6666666666666665,3,0.12,20,FOR0014,FOR0018,0.8438155136268345,0,0,,0,,,,,,0.12,51.0,19.01,-31.87,0,0.0,1.7000000000000002,0.7,2.0,1.3000000000000005,1.15325625946708,2.8000000000000003,0.85,1.0105215713451376,2.8000000000000003,0.9357142857142856,0.8782196998871303,2.8000000000000003,1.389312977099237,2,0.0,0,0.0,,40.66,1.3553333333333333,3.142857142857143,3,19.7,sexta,1,19.7,19.7,19.7,1,38.83,3,22.50588235294117,0,0,0.0,3.509849881680461,0,8.700000000000003,1.0,2.509849881680461,10,1,5.316992738823318,11.866992738823315,0.0,0,7.303000381488824,11.06315121984898,OK,train
ING0165,2023-03-06,PRESUNTO SERRANO,KG,CAT0011,1,0,Proteínas,neutro,0.5,10.12,0.42,0,0,4,0,3,10,6,1,0,1,Data Magna de Pernambuco,ESTADUAL,0,199.87,207.66,215.45,3,3.5,2,0.1,0,FOR0008,FOR0008,0.9276862381062893,0,0,,0,,,,,,10.12,27.0,0.0,-16.880000000000003,0,0.84,0.72,0.15,0.3,0.7542857142857142,0.4004105036441615,1.41,0.4757142857142856,0.4303972098442997,1.41,0.4596428571428571,0.3749714274829104,1.41,1.641025641025641,0,0.0,0,0.0,,13.5,0.45,3.0,3,5.0,sexta,0,0.0,0.0,0.0,9999,10.12,3,21.27327327327328,0,0,0.0,2.6616247802486024,0,3.960000000000001,1.5900000000000034,1.071624780248599,10,1,2.4505533516771703,5.66805335167717,0.0,0,4.12967952445264,3.802188826576361,OK,train
ING0001,2023-03-26,AÇÚCAR CRISTAL,KG,CAT0001,1,0,Açúcares e Mel,neutro,0.5,0.0,0.05325,6,0,5,1,3,12,26,1,0,0,,,0,6.31,6.72,7.3,3,3.333333333333333,3,0.07,0,FOR0001,FOR0001,0.8643835616438356,1,1,OVERNIGHT OATS,54,,,,,,0.25,0.75,-0.25,-0.75,1,0.0335,0.07875,0.02075,0.02575,0.042,0.0107308453379353,0.057125,0.0642053571428571,0.0397303291659138,0.164875,0.0873125,0.0597266778053715,0.232875,0.4810307802433787,0,0.0,0,0.0,,1.0,0.0333333333333333,3.0,2,0.5,sexta,1,0.5,0.5,0.5,1,0.5,3,0.0,0,0,0.5,0.4151919068682285,1,0.7546250000000008,0.2444999999999986,0.1706919068682298,10,1,0.4326294068682298,1.04381690686823,1.0,1,1.1557235640070345,1.2042623946393238,Atencao,train
ING0121,2023-03-28,MOLHO BÉCHAMEL,KG,CAT0009,1,0,Molhos e Condimentos,neutro,0.5,8.1,0.0,1,0,3,0,3,13,28,1,0,0,,,0,36.43,39.82333333333333,43.62,4,5.0,3,0.12,15,FOR0012,FOR0012,0.8351673544245759,0,0,,0,,,,,,8.1,8.1,0.0,0.0,0,0.27,0.0,0.03,0.12,0.15,0.0964365076099294,0.27,0.1542857142857142,0.123892899511839,0.4499999999999999,0.2142857142857142,0.1710193528452819,0.6,0.7000000000000001,1,0.0,0,0.0,,7.0,0.2333333333333333,4.5,25,3.0,sexta,0,0.0,0.0,0.0,9999,8.1,4,52.5,0,1,0.0,0.8943638643894287,0,0.899999999999995,0.3299999999999983,0.5643638643894304,11,1,1.4215067215322876,2.921506721532288,0.0,0,5.698179176577336,9.05671653620506,OK,train
ING0127,2023-04-03,TAHINE,KG,CAT0009,1,0,Molhos e Condimentos,neutro,0.5,0.0,0.0009,0,0,4,0,4,14,3,0,0,0,,,0,60.4,66.17666666666668,69.29,4,5.0,3,0.08,0,FOR0009,FOR0025,0.8716986578149805,0,0,,0,,,,,,0.0,0.25,0.0,-0.25,1,0.00135,0.00245,0.002425,0.002725,0.0014857142857142,0.0006782110571903,0.00285,0.0011464285714285,0.0008996717960786,0.00285,0.0016866071428571,0.001286818538512,0.005025,0.8808893594494442,0,0.0,0,0.0,,0.0,0.0,4.2,87,1.5,sexta,0,0.0,0.0,0.0,9999,0.0,4,0.0,1,0,0.5,0.0047965011770896,1,0.0167749999999999,0.0005499999999999,0.0042465011770896,11,1,0.0109929297485182,0.0227991797485182,0.5,1,0.0,0.0,Emergencial,train
ING0062,2023-04-13,BIFUM,KG,CAT0006,1,0,"Grãos, Farinhas e Massas",neutro,0.5,13.5,0.3,3,0,1,0,4,15,13,0,0,0,,,0,17.07,18.613333333333333,19.78,4,4.333333333333333,3,0.1,0,FOR0005,FOR0005,0.8629929221435794,0,0,,0,,,,,,13.5,36.0,0.0,-22.5,0,0.1,0.0,1.0,1.1,0.1999999999999999,0.1825741858350553,0.5,0.1642857142857142,0.2205138853368953,0.7,0.2428571428571428,0.280777454287161,1.0,0.8235294117647057,0,0.0,0,0.0,,1.5,0.05,4.0,13,1.0,sexta,0,0.0,0.0,0.0,9999,13.5,4,82.17391304347827,0,1,0.0,2.9265655991476383,0,6.1000000000000085,2.000000000000007,0.9265655991476311,11,1,1.897994170576203,3.597994170576203,0.0,0,7.112772109253424,4.612915563530123,OK,train
ING0126,2023-04-29,SHOYU,L,CAT0009,1,0,Molhos e Condimentos,neutro,0.5,42.19,1.884,5,0,6,1,4,17,29,0,0,0,,,0,31.93,33.36666666666667,35.99,4,5.0,3,0.08,0,FOR0009,FOR0012,0.8871908863573215,0,0,,0,,,,,,42.19,42.19,0.0,0.0,0,1.31,4.438000000000001,3.798,3.266,0.9758571428571428,0.7182574813559657,1.884,2.6395714285714287,2.2328596261050784,7.634,2.5052142857142856,2.227260572111996,7.634,0.3895304080061585,0,0.0,0,0.0,,71.0,2.3666666666666667,5.0,5,16.0,emergencial,0,0.0,0.0,0.0,9999,42.19,4,15.983655355306595,0,0,0.0,13.164959887969584,0,32.476999999999975,5.814999999999998,7.349959887969586,11,1,17.37081703082673,34.90731703082673,0.0,0,2.4287861604395733,3.204719221252934,OK,train
ING0230,2023-05-02,PASTA DE ALHO,KG,CAT0013,1,0,Temperos e Especiarias,neutro,0.5,0.48,2.45,1,0,3,0,5,18,2,0,0,0,,,0,23.49,24.96,27.59,4,5.666666666666667,3,0.1,0,FOR0009,FOR0025,0.8513954331279449,0,0,,0,,,,,,77.51,77.51,-77.03,-77.03,0,3.1833333333333336,1.9166666666666667,5.550000000000001,0.0333333333333333,1.9785714285714289,1.2478765031828156,3.966666666666667,3.545238095238095,3.436552067100122,11.016666666666667,3.7220238095238094,3.20112201770748,11.016666666666667,0.5315848392771471,0,0.0,0,0.0,,80.96,2.6986666666666665,6.5,11,80.96,sexta,0,0.0,0.0,0.0,9999,0.48,4,0.135392881128274,1,0,52.5,37.747035991767966,1,42.2999999999999,27.18333333333328,10.563702658434684,11,1,25.45179789652992,51.505964563196585,51.5,1,0.018859178512707,0.0127162302254587,Emergencial,train
ING0244,2023-05-04,ÓLEO DE SOJA,L,CAT0014,1,0,Óleos e Gorduras,neutro,0.5,0.25,1.7228100649350653,3,0,1,0,5,18,4,0,0,0,,,0,9.17,9.365,9.56,4,4.5,2,0.1,0,FOR0010,FOR0025,0.959205020920502,0,0,,0,,,,,,0.75,0.25,-0.5,0.0,0,1.3822775974025976,1.3188003246753248,1.1490795454545455,0.3978051948051948,1.0578965677179963,0.6713979612984594,1.7228100649350653,1.5585797773654917,1.3692346791037862,4.783337662337662,1.811667439703154,1.4122606663183304,4.81085064935065,0.5839352987937649,0,0.0,0,0.0,,7.5,0.25,4.875,6,2.5,sexta,0,0.0,0.0,0.0,9999,0.25,4,0.1604024404978368,1,0,15.0,9.715284874175172,1,10.496063311688289,5.0548246753246815,4.66046019885049,11,1,11.907129957663106,24.588802035585186,24.5,1,0.0209958235854398,0.0257326473940605,Emergencial,train
ING0147,2023-06-04,SEMENTE DE COENTRO,KG,CAT0010,1,0,Nozes e Sementes,neutro,0.5,0.25,0.00065,6,0,5,1,6,22,4,0,0,0,,,0,20.79,23.10333333333333,24.93,4,5.0,3,0.07,0,FOR0006,FOR0025,0.8339350180505415,0,0,,0,,,,,,0.25,0.25,0.0,0.0,0,0.00065,0.00035,0.00035,0.0006,0.0004571428571428,0.0001966989481173,0.00065,0.000425,0.0001578095249148,0.00065,0.0005125,0.0005605263729877,0.0026,0.8919860627177698,0,0.0,0,0.0,,0.6,0.02,5.75,23,0.6,sexta,0,0.0,0.0,0.0,9999,0.25,4,588.2352941176471,0,1,0.0,0.0080997370308596,0,0.01055,0.00625,0.0018497370308596,11,1,0.0038997370308596,0.0074872370308596,0.0,0,64.10688670074067,30.86519957962977,OK,train
ING0221,2023-06-05,ALECRIM,KG,CAT0013,1,0,Temperos e Especiarias,neutro,0.5,90.0,2.606055555555556,0,0,4,0,6,23,5,0,0,0,,,0,25.9,28.040000000000003,29.96,4,5.666666666666667,3,0.1,0,FOR0009,FOR0025,0.8644859813084111,0,0,,0,,,,,,33.75,90.0,56.25,0.0,0,0.4008888888888889,0.4024444444444445,1.2007222222222222,0.0,1.2020396825396829,0.9035772310451704,2.606055555555556,1.0588809523809524,0.8252602095778119,2.606055555555556,1.0089265873015874,1.1070010084688977,5.007777777777778,1.1914045062035523,0,0.0,0,0.0,,91.0,3.033333333333333,5.117647058823529,3,25.5,sexta,1,25.5,25.5,25.5,2,115.5,4,84.9953904616284,0,1,0.0,11.26415888350293,0,19.823333333333352,7.611055555555566,3.6531033279473615,11,1,7.688809677153712,14.751295788264825,0.0,0,15.021831057048152,10.25376161633844,OK,train
ING0149,2023-08-10,SEMENTE DE MOSTARDA,KG,CAT0010,1,0,Nozes e Sementes,neutro,0.5,0.25,0.0024,3,0,1,0,8,32,10,0,0,0,,,0,47.51,50.79,53.17,4,5.0,3,0.1,0,FOR0006,FOR0025,0.8935489937934925,0,0,,0,,,,,,0.75,0.25,-0.5,0.0,0,0.0024857142857142,0.0007714285714285,0.0003428571428571,0.0022285714285714,0.0015102040816326,0.0008202253832333,0.0024857142857142,0.0012183673469387,0.0007971382994754,0.0024857142857142,0.0013938775510204,0.0011124352330433,0.0052,1.0834553440702783,0,0.0,0,0.0,,0.52,0.0173333333333333,4.0,20,0.52,sexta,0,0.0,0.0,0.0,9999,0.25,4,205.1926298157454,0,1,0.0,0.009471036269043,0,0.0162285714285713,0.0057999999999999,0.003671036269043,11,1,0.0092465464731247,0.0190036893302675,0.0,0,27.037121451412187,26.39626677570096,OK,train
ING0192,2023-08-31,EMPANAMENTO SECO,KG,CAT0012,1,0,Semi-prontos e Preparados,neutro,0.5,106.88,2.583333333333333,3,0,1,0,8,35,31,0,0,0,,,0,16.99,18.546666666666667,19.51,3,3.6666666666666665,3,0.12,40,FOR0014,FOR0018,0.8708354689902612,0,0,,0,,,,,,106.88,106.88,0.0,0.0,0,6.25,1.9166666666666667,4.916666666666666,3.25,5.571428571428572,3.4235799203318447,12.916666666666666,4.880952380952381,3.7513123466787377,12.916666666666666,5.529761904761904,4.025460015485532,15.0,1.0075349838536063,0,0.0,0,0.0,,79.12,2.6373333333333333,3.1666666666666665,3,50.12,emergencial,0,0.0,0.0,0.0,9999,106.88,3,21.89736585365853,0,0,24.5,45.08763042991886,1,119.58333333333326,33.58333333333326,11.5042970965856,10,1,28.09358281087131,66.80191614420464,0.0,0,3.8044275349116696,2.37049494464179,OK,train
ING0033,2023-09-07,ABACATE,KG,CAT0004,1,0,Frutas Frescas,neutro,0.5,9.79,0.16,3,0,1,0,9,36,7,0,0,1,Independência do Brasil,NACIONAL,0,11.86,12.44,12.78,1,1.3333333333333333,3,0.12,0,FOR0003,FOR0023,0.9280125195618152,0,0,,0,,,,,,9.79,0.07,0.0,9.72,0,1.7,0.41,0.03,0.4599999999999999,0.6214285714285713,0.6522123522143323,1.7,0.45,0.4887818453131132,1.7,0.3789285714285714,0.4107205888635267,1.7,1.6399622997172478,0,0.0,0,0.0,,7.66,0.2553333333333333,1.0909090909090908,13,1.5,sexta,0,0.0,0.0,0.0,9999,9.79,1,21.755555555555556,0,0,0.0,1.0176889716248223,0,2.019999999999996,0.3400000000000034,0.6776889716248191,8,1,1.0566175430533904,3.7091175430533903,0.0,0,9.265414969080553,9.61983501144704,OK,train
ING0199,2023-10-01,GRÃO DE BICO COZIDO,KG,CAT0012,1,0,Semi-prontos e Preparados,seco,0.5,0.75,0.0608124999999999,6,0,5,1,10,39,1,0,0,0,,,0,17.67,18.44,19.26,3,3.6666666666666665,3,0.12,0,FOR0014,FOR0018,0.9174454828660435,0,0,,0,,,,,,0.0,0.75,0.75,0.0,0,0.0074375,0.0074375,0.0209999999999999,0.0109375,0.0172499999999999,0.0223637075787237,0.0608124999999999,0.0215624999999999,0.0216574761696384,0.0621249999999999,0.0275468749999999,0.0311119805108557,0.1448124999999999,0.62620533182076,0,0.0,0,0.0,,2.0,0.0666666666666666,3.066666666666667,2,0.5,sexta,1,0.5,0.5,0.5,1,1.25,3,34.78260869565218,0,1,0.0,0.1807894260986765,0,0.2432499999999997,0.0918749999999999,0.0889144260986766,10,1,0.1715550510986766,0.3643831760986766,0.0,0,7.286290855295268,6.914121179397617,OK,train
ING0232,2023-10-01,PASTA DE GOCHUJANG,KG,CAT0013,1,0,Temperos e Especiarias,neutro,0.5,21.38,0.9500833333333334,6,0,5,1,10,39,1,0,0,0,,,0,80.56,84.235,87.91,6,6.5,2,0.05,0,FOR0009,FOR0024,0.9163917643044024,0,0,,0,,,,,,21.38,21.38,0.0,0.0,0,0.217,0.5173333333333334,0.2,0.5333333333333334,0.4025595238095238,0.3331511158698061,0.9500833333333334,0.4609464285714286,0.2879917414962248,0.9500833333333334,0.9330654761904764,1.4660899810339885,7.33525,0.4314375936971708,0,0.0,0,0.0,,94.55,3.1516666666666664,6.333333333333333,23,13.06,sexta,0,0.0,0.0,0.0,9999,21.38,6,46.38283035679696,0,1,0.0,9.65960107805758,0,7.668999999999983,3.734166666666681,5.925434411390898,13,1,11.523827268533756,18.05528560186709,0.0,0,1.855286399370016,2.213341920357982,OK,train
ING0203,2023-10-04,MIX DE CHIPS,KG,CAT0012,1,0,Semi-prontos e Preparados,neutro,0.5,23.62,0.0,2,0,2,0,10,40,4,0,0,0,,,0,35.83,39.35666666666666,41.56,3,3.6666666666666665,3,0.08,0,FOR0014,FOR0018,0.8621270452358035,0,0,,0,3.5,132.17,1.0,emergencial,3.0,23.62,23.62,0.0,0.0,0,1.65,0.6,0.0,4.05,0.8785714285714283,0.8548182764273866,1.95,0.8464285714285714,0.6775136347518952,1.95,0.6107142857142857,0.5581645089466188,1.95,1.43859649122807,1,3.5,1,132.17,emergencial,22.0,0.7333333333333333,3.3043478260869565,1,3.5,emergencial,1,3.5,3.5,3.5,2,27.12,3,27.905485232067512,0,0,0.0,2.795169325987496,0,5.249999999999972,1.1999999999999886,1.595169325987507,10,1,3.427312183130364,7.702312183130363,0.0,0,7.912906251577504,9.702453353311206,OK,train
ING0160,2023-11-08,FILÉ DE PEITO DE FRANGO,KG,CAT0011,1,0,Proteínas,perecivel,0.5,12.15,9.586666666666666,2,0,2,0,11,45,8,0,0,0,,,0,30.75,32.14,33.53,3,3.5,2,0.1,25,FOR0008,FOR0008,0.9170891738741426,0,0,,0,6.0,204.4,1.0,emergencial,4.0,0.0,32.4,12.15,-20.25,0,5.666666666666666,0.9066666666666666,2.5733333333333333,1.5,4.847619047619047,3.4252103013487485,9.586666666666666,3.7380952380952377,2.9874259892948047,9.586666666666666,3.633809523809524,2.582879325184515,9.586666666666666,1.3340322369283186,0,6.0,1,204.4,emergencial,45.7,1.5233333333333334,3.41025641025641,1,9.0,emergencial,2,18.0,18.0,18.0,1,30.15,3,3.25031847133758,0,0,3.5,26.301569064713973,1,26.166666666666742,18.91999999999996,7.381569064714013,10,1,18.282997636142586,43.71966430280925,14.0,1,1.649073122472993,1.1463194429890138,Atencao,train
ING0086,2023-11-22,LEITE CONDENSADO,KG,CAT0007,1,0,Laticínios,perecivel,0.5,256.5,1.225,2,0,2,0,11,47,22,0,0,0,,,0,21.99,23.346666666666664,24.81,2,2.333333333333333,3,0.1,0,FOR0004,FOR0004,0.8863361547762999,0,0,,0,,,,,,256.5,256.5,0.0,0.0,0,8.455,2.835,11.3,1.205,4.250714285714285,3.268671275114957,8.455,7.014285714285714,7.008031891266686,23.375,8.276428571428573,7.789586811790004,25.745,0.5135928195391386,0,0.0,0,0.0,,470.46,15.682,2.608695652173913,16,400.96,emergencial,0,0.0,0.0,0.0,9999,256.5,2,36.56822810590632,0,1,0.0,21.01162986895147,0,62.0,2.8350000000000364,18.176629868951437,9,1,34.72948701180858,92.6644870118086,0.0,0,7.385654729446073,12.2075251467772,OK,train
ING0226,2023-12-04,FLOR DE SAL,KG,CAT0013,1,0,Temperos e Especiarias,seco,0.5,0.25,0.0,0,0,4,0,12,49,4,1,0,0,,,0,105.13,112.94333333333331,122.88,4,5.666666666666667,3,0.08,0,FOR0009,FOR0025,0.8555501302083334,0,0,,0,,,,,,0.25,0.25,0.0,0.0,0,0.0,0.0,0.0,0.0,0.0,0.0,0.0,0.0,0.0,0.0,0.0,0.0,0.0,0.0,9999,0.0,0,0.0,,0.0,0.0,4.2,332,1.4,sexta,0,0.0,0.0,0.0,9999,0.25,4,999.0,0,1,0.0,0.0,0,0.0,0.0,0.0,11,1,0.0,0.0,0.0,0,999.0,999.0,OK,train
ING0148,2023-12-25,SEMENTE DE GIRASSOL,KG,CAT0010,1,0,Nozes e Sementes,neutro,0.5,0.0,0.0009166666666666,0,0,4,0,12,52,25,1,0,1,Natal,NACIONAL,0,29.69,32.32666666666667,35.74,4,5.0,3,0.1,0,FOR0006,FOR0025,0.8307218802462227,1,1,BIFUM,55,,,,,,0.25,0.25,-0.25,-0.25,1,0.0010416666666666,0.002875,0.012375,0.0134166666666666,0.0019821428571428,0.0015662191187832,0.005,0.0036815476190476,0.0034038458304877,0.0135833333333333,0.0044434523809523,0.0033403324336352,0.0135833333333333,0.446081714668453,0,0.0,0,0.0,,0.0,0.0,6.2727272727272725,59,0.5,sexta,0,0.0,0.0,0.0,9999,0.0,4,0.0,1,0,0.5,0.0290230970309966,1,0.0741666666666667,0.0180000000000002,0.0110230970309964,11,1,0.0287969065548059,0.0599010732214726,0.5,1,0.0,0.0,Emergencial,train
ING0171,2024-01-09,BASE DE BISCOITO,KG,CAT0012,1,0,Semi-prontos e Preparados,neutro,0.5,270.0,1.66,1,0,3,0,1,2,9,1,0,0,,,0,25.99,28.64,32.06,3,3.6666666666666665,3,0.07,20,FOR0014,FOR0018,0.8106674984404241,0,0,,0,50.6,1325.6,1.0,emergencial,3.0,101.25,101.25,168.75,168.75,0,0.3,1.06,1.1800000000000002,1.12,7.242857142857143,6.788236674045563,17.3,5.331428571428572,5.581591800997902,17.3,4.157857142857143,4.588631166136146,17.3,1.7419687338945198,0,50.6,1,1325.6,emergencial,47.82,1.594,3.25,1,47.82,emergencial,1,47.82,47.82,47.82,2,317.82,3,50.643086816720256,0,1,0.0,34.51377482295411,0,62.30000000000018,21.40000000000009,13.11377482295402,10,1,25.58734625152545,54.69234625152545,0.0,0,12.42098328118151,9.208497234229712,OK,train
ING0034,2024-02-07,BANANA PRATA,KG,CAT0004,1,0,Frutas Frescas,neutro,0.5,5.4,0.0,2,0,2,0,2,6,7,1,0,0,,,0,8.36,8.766666666666667,9.48,1,1.3333333333333333,3,0.12,0,FOR0007,FOR0007,0.8818565400843881,0,0,,0,,,,,,5.4,5.4,0.0,0.0,0,0.4057142857142857,0.3247619047619047,0.285,0.205,0.3995578231292517,0.2639778497348434,0.7126190476190476,0.3612244897959183,0.2208748217327683,0.7126190476190476,0.3966581632653061,0.3742664305773648,1.8695238095238091,1.007310223594229,1,0.0,0,0.0,,0.0,0.0,1.5714285714285714,91,4.0,emergencial,0,0.0,0.0,0.0,9999,5.4,1,14.949152542372882,0,0,0.0,1.2470634199764696,0,1.668571428571454,0.6295238095238176,0.617539610452652,8,1,1.0141977737179582,3.7908049165751008,0.0,0,5.324405298390751,4.330172718963957,OK,train
ING0232,2024-02-21,PASTA DE GOCHUJANG,KG,CAT0013,1,0,Temperos e Especiarias,neutro,0.5,21.38,1.8841666666666668,2,0,2,0,2,8,21,1,0,0,,,0,80.56,84.235,87.91,6,6.5,2,0.05,0,FOR0009,FOR0024,0.9163917643044024,0,0,,0,,,,,,0.16,21.38,21.22,0.0,0,1.5338333333333334,0.2833333333333333,0.0,1.2504166666666667,1.1076666666666668,0.8418209388317458,2.4000000000000004,0.7396428571428572,0.7409412697383432,2.4000000000000004,0.8669434523809524,0.7499965281310476,2.65125,1.2776688763547357,0,0.0,0,0.0,,0.0,0.0,6.342857142857143,40,7.95,sexta,0,0.0,0.0,0.0,9999,21.38,6,28.90584258812168,0,0,0.0,14.60281285792036,0,17.2069166666667,11.571583333333365,3.0312295245869936,13,1,8.232890238872708,14.301494405539374,0.0,0,2.596900891384587,1.4641014856534158,Atencao,train
ING0011,2024-02-28,CHÁ VERDE,KG,CAT0002,1,0,Bebidas e Bases,neutro,0.5,0.75,0.0014285714285714,2,0,2,0,2,9,28,1,0,0,,,0,109.98,116.76666666666668,124.21,3,3.6666666666666665,3,0.1,0,FOR0011,FOR0011,0.8854359552370985,0,0,,0,,,,,,0.0,0.25,0.75,0.5,0,0.0,0.0085714285714285,0.0007142857142857,0.0003571428571428,0.0053061224489795,0.0054297796721993,0.0146428571428571,0.0049234693877551,0.0044720889416614,0.0146428571428571,0.0032525510204081,0.0037310104807449,0.0146428571428571,1.6313725490196078,0,0.0,0,0.0,,0.5,0.0166666666666666,4.45,5,0.5,sexta,0,0.0,0.0,0.0,9999,0.75,3,152.33160621761655,0,1,0.0,0.0185199373889098,0,0.0335714285714283,0.007857142857143,0.0106627945317668,10,1,0.0204204475929913,0.0431883047358484,0.0,0,36.72789230425164,40.49689716819007,OK,train
ING0039,2024-03-01,MAÇÃ VERMELHA,KG,CAT0004,1,0,Frutas Frescas,neutro,0.5,0.25,0.0292,4,1,0,0,3,9,1,1,0,0,,,0,37.66,39.056666666666665,41.2,1,1.3333333333333333,3,0.07,0,FOR0003,FOR0007,0.9140776699029124,1,1,BIFUM,122,0.6,21.93,1.0,sexta,1.0,0.25,0.25,0.0,0.0,0,0.0128,0.0989999999999999,0.0104,0.053,0.0453428571428571,0.0561959327455542,0.1648,0.0703285714285714,0.0558344039042297,0.1876,0.0460357142857142,0.0477713087167175,0.1876,0.9849495733126457,0,0.6,1,21.93,sexta,0.0,0.0,1.3636363636363635,35,0.5,sexta,0,0.0,0.0,0.0,9999,0.25,1,3.554743042860045,0,0,0.5,0.1138226593825841,1,0.3490000000000002,0.0350000000000001,0.0788226593825839,8,1,0.1248583736682982,0.4471083736682982,0.5,1,2.0022685916457315,2.1963992174852685,OK,train
ING0084,2024-03-02,IOGURTE,KG,CAT0007,1,0,Laticínios,perecivel,0.5,116.1,7.56,5,0,6,1,3,9,2,1,0,0,,,0,17.81,18.866666666666664,20.64,2,2.333333333333333,3,0.07,0,FOR0004,FOR0004,0.8628875968992247,0,0,,0,,,,,,116.1,116.1,0.0,0.0,0,1.56,27.84,5.5200000000000005,7.52,2.942857142857143,3.4795292511378286,8.32,7.488571428571428,7.541788052774157,27.84,4.967142857142858,5.926063497080384,27.84,0.5924647684785734,0,0.0,0,0.0,,136.0,4.533333333333333,3.103448275862069,9,58.0,emergencial,0,0.0,0.0,0.0,9999,116.1,2,15.503624570774512,0,0,0.0,19.868186958941063,0,36.200000000000045,6.039999999999964,13.8281869589411,9,1,23.762472673226817,58.53247267322682,0.0,0,4.885855171579425,5.843512558037047,OK,train
ING0075,2024-03-20,CHANTILLY,KG,CAT0007,1,0,Laticínios,neutro,0.5,14.4,0.0,2,0,2,0,3,12,20,1,0,0,,,0,31.39,32.99333333333333,35.9,2,2.333333333333333,3,0.08,0,FOR0019,FOR0019,0.8743732590529248,0,0,,0,,,,,,5.4,5.4,9.0,9.0,0,0.3299999999999999,0.12,0.21,0.24,0.2057142857142857,0.1582042079989385,0.39,0.2207142857142857,0.1554875352765412,0.48,0.2057142857142857,0.1952288034955031,0.72,1.0,1,0.0,0,0.0,,0.0,0.0,2.96875,61,3.72,sexta,0,0.0,0.0,0.0,9999,14.4,2,65.24271844660196,0,1,0.0,0.9355571157542046,0,3.089999999999989,0.480000000000004,0.4555571157542006,9,1,0.866985687182772,2.306985687182772,0.0,0,16.6092707329369,15.391898321879962,OK,train
ING0174,2024-03-25,BISCOITO MAISENA,KG,CAT0012,1,0,Semi-prontos e Preparados,neutro,0.5,54.0,2.1,0,0,4,0,3,13,25,1,0,0,,,0,21.35,22.6,24.12,3,3.6666666666666665,3,0.12,0,FOR0014,FOR0018,0.8851575456053068,0,0,,0,,,,,,0.36,54.0,53.64,0.0,0,3.6,2.1,0.6,1.2,2.014285714285714,1.6313885409149396,3.9,2.0357142857142856,1.4129114201954338,3.9,1.864285714285714,1.48852755624956,4.8,1.0804597701149423,0,0.0,0,0.0,,23.0,0.7666666666666667,4.314285714285714,10,23.0,sexta,0,0.0,0.0,0.0,9999,54.0,3,26.526315789473685,0,0,0.0,20.454038837219382,0,36.29999999999984,16.199999999999932,4.254038837219452,10,1,9.846895980076596,22.896895980076597,0.0,0,5.483961657486703,2.640065389029104,OK,train
ING0231,2024-03-25,PASTA DE ALHO COM GENGIBRE,KG,CAT0013,1,0,Temperos e Especiarias,neutro,0.5,0.04,0.1,0,0,4,0,3,13,25,1,0,0,,,0,23.84,25.52,27.15,4,5.666666666666667,3,0.08,15,FOR0009,FOR0025,0.878084714548803,1,1,BIFUM,146,,,,,,5.18,0.04,-5.14,0.0,0,0.0,0.26,0.22,0.08,0.1085714285714285,0.0999047165100455,0.26,0.1257142857142857,0.1027105182026192,0.34,0.1442857142857143,0.1221240587037857,0.42,0.7524752475247524,0,0.0,0,0.0,,3.5,0.1166666666666666,4.54054054054054,6,1.5,emergencial,0,0.0,0.0,0.0,9999,0.04,4,0.3181818181818182,1,0,2.5,1.7830093937225024,1,2.1200000000000045,1.3800000000000097,0.4030093937224928,11,1,0.98015225086535,1.99015225086535,2.0,1,0.0408099863716938,0.0224339816384755,Emergencial,train
ING0235,2024-04-03,PIMENTA SÍRIA,KG,CAT0013,1,0,Temperos e Especiarias,seco,0.5,0.25,0.0,2,0,2,0,4,14,3,0,0,0,,,0,75.04,78.31333333333333,82.48,4,5.666666666666667,3,0.12,0,FOR0009,FOR0025,0.909796314258002,0,0,,0,,,,,,0.75,0.25,-0.5,0.0,0,0.0,0.0,0.0,0.0,0.0,0.0,0.0,0.0,0.0,0.0,0.0,0.0,0.0,0.0,9999,0.0,0,0.0,,0.0,0.0,4.0,453,1.0,sexta,0,0.0,0.0,0.0,9999,0.25,4,999.0,0,1,0.0,0.0,0,0.0,0.0,0.0,11,1,0.0,0.0,0.0,0,999.0,999.0,OK,train
ING0070,2024-04-13,LINGUINE,KG,CAT0006,1,0,"Grãos, Farinhas e Massas",neutro,0.5,0.52,5.500000000000001,5,0,6,1,4,15,13,0,0,0,,,0,15.6,16.41,17.39,4,4.333333333333333,3,0.12,0,FOR0005,FOR0005,0.8970672800460034,0,0,,0,,,,,,69.75,186.0,-69.23,-185.48,0,11.7,0.8,4.0,2.8000000000000003,3.9,3.852704677669096,11.7,3.185714285714286,2.939088593125724,11.7,3.878571428571429,2.865032756952828,11.7,1.005524861878453,0,0.0,0,0.0,,82.0,2.7333333333333334,4.865384615384615,15,36.5,sexta,0,0.0,0.0,0.0,9999,0.52,4,0.1632286995515695,1,0,64.5,21.45460809794433,1,55.19999999999982,12.0,9.45460809794433,11,1,24.968893812230046,52.11889381223005,52.0,1,0.0208259125899,0.0242372173672948,Emergencial,train
ING0100,2024-05-05,BERINJELA,KG,CAT0008,1,0,Legumes e Verduras,neutro,0.5,0.25,0.05,6,0,5,1,5,18,5,0,0,0,,,0,7.81,7.92,8.03,1,1.0,2,0.1,20,FOR0023,FOR0023,0.9726027397260274,0,0,,0,,,,,,0.25,0.25,0.0,0.0,0,0.1,0.3,0.25,0.0,0.0499999999999999,0.0419435246403928,0.1,0.119047619047619,0.1059868446233363,0.3,0.1476190476190476,0.1401582208311344,0.6833333333333333,0.3387096774193547,0,0.0,0,0.0,,4.6,0.1533333333333333,1.3877551020408163,2,1.1,sexta,1,1.1,1.1,1.1,2,1.35,1,2.1,0,0,0.0,0.2312610643713717,0,0.2999999999999971,0.0,0.2312610643713717,8,1,0.3788801119904194,1.412213445323753,0.5,1,3.5631323927452203,5.837558534419333,OK,train
ING0091,2024-05-13,MANTEIGA SEM SAL,KG,CAT0007,1,0,Laticínios,perecivel,0.5,15.52,0.5,0,0,4,0,5,20,13,0,0,0,,,0,80.35,83.97666666666667,90.2,2,2.333333333333333,3,0.08,0,FOR0004,FOR0004,0.8907982261640798,0,0,,0,,,,,,15.52,41.4,0.0,-25.88,0,0.52,0.6,0.22,0.98,0.5028571428571429,0.1659030124012482,0.76,0.4171428571428571,0.1866064790460894,0.76,0.6528571428571428,0.4748243897044469,2.58,0.7702407002188185,0,0.0,0,0.0,,11.5,0.3833333333333333,2.2857142857142856,3,11.5,sexta,0,0.0,0.0,0.0,9999,15.52,2,37.2054794520548,0,1,0.0,4.62798010124815,0,9.159999999999997,3.519999999999982,1.1079801012481685,9,1,2.413694386962454,6.983694386962453,0.0,0,6.429977251399814,3.353514851071704,OK,train
ING0159,2024-05-20,CLARA DE OVO,UND,CAT0011,1,0,Proteínas,perecivel,1.0,2437.0,10.0,0,0,4,0,5,21,20,0,0,0,,,0,1.15,1.19,1.23,1,2.0,2,0.12,0,FOR0008,FOR0007,0.934959349593496,0,0,,0,,,,,,2437.0,2437.0,0.0,0.0,0,13.0,88.0,56.0,48.0,150.28571428571428,138.6034081900757,350.0,123.71428571428572,104.87973227348678,350.0,90.71428571428572,90.13071049062556,350.0,1.6566929133858268,0,0.0,0,0.0,,1187.0,39.56666666666667,1.131578947368421,3,339.0,sexta,0,0.0,0.0,0.0,9999,2437.0,1,19.6986143187067,0,0,0.0,236.71567230953212,0,561.0,88.0,148.71567230953215,8,1,239.42995802381785,874.4299580238178,0.0,0,10.178342009138111,10.295051342495611,OK,train
ING0066,2024-06-04,FARINHA DE TRIGO,KG,CAT0006,1,0,"Grãos, Farinhas e Massas",seco,0.5,33.95,2.438169696969697,1,0,3,0,6,23,4,0,0,0,,,0,6.91,7.78,8.59,4,4.333333333333333,3,0.08,0,FOR0005,FOR0005,0.8044237485448196,1,1,BROWNIE,4,,,,,,33.95,284.54,0.0,-250.59000000000003,0,10.913246753246751,9.456564502164502,12.58316277056277,4.63807012987013,16.74784749536178,9.788544058258342,28.443194805194803,12.339640445269016,8.91056705949147,28.443194805194803,16.02567922077922,15.005820556521828,65.74214632034632,1.045063192931391,0,0.0,0,0.0,,324.0,10.8,4.1,18,157.5,sexta,0,0.0,0.0,0.0,9999,33.95,4,2.751295724586233,1,0,226.0,112.39113424344796,1,210.13066147186143,62.87192640692592,49.51920783652203,11,1,113.62192471963893,225.80167926509347,192.0,1,0.2987979660067484,0.3020700896786187,Emergencial,train
ING0133,2024-06-12,CASTANHA DE CAJU,KG,CAT0010,1,0,Nozes e Sementes,neutro,0.5,0.03,0.0073999999999999,2,0,2,0,6,24,12,0,0,0,,,0,90.77,100.50333333333332,108.32,4,5.0,3,0.08,0,FOR0006,FOR0025,0.837980059084195,1,1,BROWNIE,12,,,,,,0.03,0.03,0.0,0.0,0,0.0074666666666666,0.0046666666666666,0.1512444444444444,0.2200222222222222,0.0080857142857142,0.0040467113828244,0.0150666666666666,0.0203174603174603,0.0329157552874041,0.1093333333333333,0.0668460317460317,0.0807936385623147,0.3312444444444444,0.1209602735497352,0,0.0,0,0.0,,0.5,0.0166666666666666,4.3,26,0.5,sexta,0,0.0,0.0,0.0,9999,0.03,4,1.4765625,1,0,0.5,0.3128190072556445,1,0.079733333333344,0.046200000000006,0.2666190072556385,11,1,0.5340031342397655,1.001925356461988,1.0,1,0.0561794455433478,0.0959021009087313,Emergencial,train
ING0012,2024-06-14,CITRUS MIX,L,CAT0002,1,0,Bebidas e Bases,neutro,0.5,0.18,1.32,4,1,0,0,6,24,14,0,0,0,,,0,29.6,32.51333333333333,35.78,3,3.6666666666666665,3,0.1,0,FOR0011,FOR0011,0.8272778088317496,0,0,,0,,,,,,20.32,20.32,-20.14,-20.14,0,3.08,0.86,1.64,1.62,1.8085714285714285,0.974669663209516,3.08,1.32,0.8791254395486108,3.08,1.0078571428571428,0.7805096015394273,3.08,1.794472005669738,0,0.0,0,0.0,,33.5,1.1166666666666667,4.403846153846154,7,15.0,sexta,0,0.0,0.0,0.0,9999,0.18,3,0.1363636363636363,1,0,9.5,5.530605771341697,1,6.960000000000036,3.300000000000012,2.2306057713416854,10,1,5.254177199913114,12.309177199913114,12.5,1,0.0342584563008222,0.0325461635563897,Emergencial,train
ING0238,2024-06-24,SAL DE COZINHA,KG,CAT0013,1,0,Temperos e Especiarias,seco,0.5,2.06,1.4202333333333332,0,0,4,0,6,26,24,0,1,1,Dia de São João,ESTADUAL,0,4.19,4.66,5.15,4,5.666666666666667,3,0.12,0,FOR0009,FOR0025,0.8135922330097087,1,1,BROWNIE,24,,,,,,2.06,2.06,0.0,0.0,0,0.2292753968253968,2.234095873015873,6.1960604761904765,3.3675546031746038,1.57037156462585,1.2349730792975244,3.274890634920635,2.7219376417233563,1.745509512849213,6.574161428571428,2.791865776643991,1.8152302255730224,6.574161428571428,0.5624810396556892,0,0.0,0,0.0,,20.2,0.6733333333333333,4.648148148148148,10,6.5,sexta,0,0.0,0.0,0.0,9999,2.06,4,0.7568138110231432,1,0,36.5,17.800316411057896,1,32.56873063492071,11.810056666666924,5.990259744390973,11,1,17.157722850966938,36.70078328747488,35.0,1,0.1200625524665067,0.1157282799040745,Emergencial,train
ING0064,2024-07-26,FARELO DE AVEIA,KG,CAT0006,1,0,"Grãos, Farinhas e Massas",neutro,0.5,0.25,0.1733333333333333,4,1,0,0,7,30,26,0,0,0,,,0,12.85,13.51,14.78,4,4.333333333333333,3,0.15,0,FOR0016,FOR0005,0.8694181326116374,0,0,,0,,,,,,0.25,0.25,0.0,0.0,0,0.0933333333333333,0.0533333333333333,0.1933333333333333,0.1133333333333333,0.0999999999999999,0.0399999999999999,0.1733333333333333,0.1252380952380952,0.0735046284456318,0.2666666666666666,0.1561904761904761,0.0826998852299613,0.32,0.6402439024390244,0,0.0,0,0.0,,0.0,0.0,6.1,49,0.46,sexta,0,0.0,0.0,0.0,9999,0.25,4,1.9961977186311788,1,0,1.0,0.5462429545922057,1,0.8066666666666649,0.2733333333333334,0.2729096212588723,11,1,0.897671526020777,1.9910048593541103,2.0,1,0.278498306733875,0.4576718068366409,Emergencial,train
ING0146,2024-08-09,SEMENTE DE CHIA,KG,CAT0010,1,0,Nozes e Sementes,neutro,0.5,0.25,0.25,4,1,0,0,8,32,9,0,0,0,,,0,36.27,39.77333333333333,42.67,4,5.0,3,0.1,0,FOR0006,FOR0025,0.8500117178345442,0,0,,0,,,,,,0.25,0.25,0.0,0.0,0,1.425,0.0,0.275,0.3375,0.3857142857142857,0.498509683719288,1.425,0.2794642857142858,0.3662310359640437,1.425,0.2459821428571429,0.2675128408874654,1.425,1.5680580762250451,0,0.0,0,0.0,,0.0,0.0,4.4,35,1.28,sexta,0,0.0,0.0,0.0,9999,0.25,4,0.8945686900958465,1,0,3.5,2.132792374928636,1,2.6999999999999886,1.25,0.8827923749286359,11,1,1.866720946357208,3.588595946357208,3.5,1,0.1339246771124842,0.1172172232697358,Emergencial,train
ING0194,2024-08-25,GELATINA EM PÓ INCOLOR,KG,CAT0012,1,0,Semi-prontos e Preparados,neutro,0.5,2.03,0.12,6,0,5,1,8,34,25,0,0,0,,,0,80.76,87.51333333333334,92.35,3,3.6666666666666665,3,0.15,0,FOR0014,FOR0018,0.8744991878722254,0,0,,0,,,,,,2.03,2.03,0.0,0.0,0,0.04,0.06,0.1699999999999999,0.06,0.04,0.0404145188432741,0.12,0.0471428571428571,0.0487424268561195,0.16,0.0703571428571428,0.0853091173477109,0.39,0.5685279187817263,0,0.0,0,0.0,,3.55,0.1183333333333333,3.46875,16,1.07,sexta,0,0.0,0.0,0.0,9999,2.03,3,43.060606060606055,0,1,0.0,0.4238035472318924,0,0.6799999999999926,0.1799999999999926,0.2438035472318998,10,1,0.4548749758033284,0.9473749758033284,0.0,0,4.462764733133394,4.789955188575251,OK,train
ING0049,2024-08-27,BANANA CONGELADA,KG,CAT0005,1,0,Frutas Secas e Congeladas,neutro,0.5,53.32,1.08,1,0,3,0,8,35,27,0,0,0,,,0,17.19,18.6,19.68,2,3.333333333333333,3,0.12,25,FOR0013,FOR0003,0.8734756097560976,1,1,AÇAÍ,44,,,,,,0.43,142.2,52.89,-88.88,0,0.28,2.46,0.38,3.3600000000000003,1.374285714285714,0.7099966465380335,2.5200000000000005,1.552857142857143,1.0358677415683877,4.0,2.1014285714285714,2.2712954604769204,11.16,0.6539768864717878,0,0.0,0,0.0,,53.5,1.7833333333333334,2.1166666666666667,19,21.0,emergencial,0,0.0,0.0,0.0,9999,53.32,2,34.33670653173873,0,1,0.0,14.15995979319892,0,19.779999999999973,8.860000000000127,5.299959793198793,9,1,9.502816936055936,24.212816936055937,0.0,0,5.610967817099717,3.765547415297732,OK,train
ING0072,2024-08-28,MASSA PARA PASTEL,KG,CAT0006,1,0,"Grãos, Farinhas e Massas",neutro,0.5,0.0,0.0,2,0,2,0,8,35,28,0,0,0,,,0,20.51,22.26,24.12,4,4.333333333333333,3,0.12,25,FOR0005,FOR0005,0.8503316749585407,0,0,,0,,,,,,0.25,0.25,-0.25,-0.25,1,0.0,0.0,0.0,0.0,0.0,0.0,0.0,0.0,0.0,0.0,0.0,0.0,0.0,0.0,9999,0.0,0,0.0,,0.6,0.02,5.125,5,0.6,sexta,0,0.0,0.0,0.0,9999,0.0,4,0.0,0,0,0.0,0.0,0,0.0,0.0,0.0,11,1,0.0,0.0,0.0,0,0.0,0.0,Emergencial,train
ING0206,2024-11-04,MOUSSE DE LIMÃO SICILIANO,KG,CAT0012,1,0,Semi-prontos e Preparados,neutro,0.5,283.5,16.799999999999997,0,0,4,0,11,45,4,0,0,0,,,0,13.73,14.573333333333332,15.0,3,3.6666666666666665,3,0.12,0,FOR0014,FOR0018,0.9153333333333332,0,0,,0,,,,,,283.5,283.5,0.0,0.0,0,5.6,1.4,0.0,11.2,7.6,4.973261840415615,16.799999999999997,6.199999999999998,4.714625362390104,16.799999999999997,10.249999999999998,10.08873592639794,33.599999999999994,0.7414634146341466,0,0.0,0,0.0,,0.0,0.0,3.372549019607843,45,148.01,sexta,0,0.0,0.0,0.0,9999,283.5,3,45.72580645161292,0,1,0.0,138.03243529430077,0,170.80000000000018,109.20000000000071,28.832435294300044,10,1,59.58243529430004,131.3324352943,0.0,0,4.758113672254028,2.053865088995539,OK,train
ING0012,2024-11-08,CITRUS MIX,L,CAT0002,1,0,Bebidas e Bases,neutro,0.5,54.18,1.8,4,1,0,0,11,45,8,0,0,0,,,0,29.6,32.51333333333333,35.78,3,3.6666666666666665,3,0.1,0,FOR0011,FOR0011,0.8272778088317496,0,0,,0,9.5,291.09,1.0,sexta,3.0,20.32,20.32,33.86,33.86,0,3.82,0.82,0.88,1.92,1.4771428571428569,1.199968253548322,3.82,1.042857142857143,0.949780772854196,3.82,1.2357142857142858,1.114209331258014,4.28,1.1953757225433523,0,9.5,1,291.09,sexta,23.21,0.7736666666666667,4.151515151515151,18,11.76,emergencial,0,0.0,0.0,0.0,9999,54.18,3,51.95342465753424,0,1,0.0,6.924280833810162,0,10.17999999999995,3.739999999999896,3.184280833810266,10,1,6.891423690953124,15.541423690953124,0.0,0,7.861945866298432,7.824639309175283,OK,train
ING0124,2024-11-13,PESTO DE MANJERICÃO,KG,CAT0009,1,0,Molhos e Condimentos,neutro,0.5,4.05,0.22,2,0,2,0,11,46,13,0,0,0,,,0,75.73,81.70666666666666,88.05,4,5.0,3,0.15,0,FOR0012,FOR0012,0.8600795002839297,0,0,,0,,,,,,10.8,4.05,-6.750000000000001,0.0,0,0.04,0.22,0.06,0.26,0.24,0.1199999999999994,0.42,0.1914285714285714,0.1433047931377861,0.44,0.1485714285714285,0.155437596999074,0.5,1.6153846153846152,0,0.0,0,0.0,,4.5,0.15,4.282608695652174,5,2.0,sexta,0,0.0,0.0,0.0,9999,4.05,4,21.156716417910445,0,0,0.0,1.0529440700969506,0,1.8000000000000114,0.5400000000000063,0.5129440700969442,11,1,1.1072297843826586,2.1472297843826587,0.0,0,3.65777732601196,3.846358144765556,OK,train
ING0191,2024-12-01,EMPANAMENTO MOLHADO,KG,CAT0012,1,0,Semi-prontos e Preparados,neutro,0.5,106.88,18.12333333333333,6,0,5,1,12,48,1,1,0,0,,,0,20.88,22.83,25.3,3,3.6666666666666665,3,0.07,0,FOR0014,FOR0018,0.8252964426877469,0,0,,0,,,,,,106.88,106.88,0.0,0.0,0,6.1866666666666665,2.1666666666666665,4.18,0.6766666666666666,7.437619047619047,5.222959184744108,18.12333333333333,7.4469047619047615,4.367489737322415,18.12333333333333,7.766904761904763,5.109286625132141,19.746666666666663,0.9576039974249716,0,0.0,0,0.0,,111.19,3.706333333333333,3.263157894736842,2,29.5,sexta,1,29.5,29.5,29.5,1,136.38,3,14.352271637305368,0,0,0.0,24.81174764151612,0,41.54666666666708,10.210000000000491,14.60174764151563,10,1,37.90246192722992,92.27079526056326,0.0,0,3.598183153955542,5.496589840040244,OK,train
ING0085,2024-12-15,IOGURTE GREGO,L,CAT0007,1,0,Laticínios,perecivel,0.5,0.0,2.125,6,0,5,1,12,50,15,1,0,0,,,0,34.53,35.473333333333336,37.28,2,2.333333333333333,3,0.1,0,FOR0019,FOR0019,0.9262339055793992,0,0,,0,,,,,,0.75,0.25,-0.75,-0.25,1,5.0,2.0,7.875,3.25,3.25,1.2119199643540866,5.0,2.6785714285714284,1.4739030191603857,5.0,3.044642857142857,1.6464799312536933,7.875,1.067448680351906,0,0.0,0,0.0,,1.95,0.065,2.559322033898305,2,0.5,sexta,0,0.0,0.0,0.0,9999,0.0,2,0.0,1,0,53.0,12.591982510774256,1,49.0,8.75,3.841982510774255,9,1,9.93126822505997,31.24376822505997,31.5,1,0.0,0.0,Emergencial,train
ING0083,2024-12-22,GORGONZOLA,KG,CAT0007,1,0,Laticínios,neutro,0.5,8.44,1.2000000000000002,6,0,5,1,12,51,22,1,0,0,,,0,90.14,97.41,106.38,2,2.333333333333333,3,0.15,0,FOR0004,FOR0004,0.8473397255123144,0,0,,0,,,,,,8.44,8.44,0.0,0.0,0,1.25,0.0,0.0,0.0,0.7500000000000001,0.4173328008516301,1.25,0.5678571428571428,0.4213563916581885,1.25,0.4553571428571429,0.3815997723314133,1.25,1.647058823529412,0,0.0,0,0.0,,3.5,0.1166666666666666,2.2857142857142856,2,3.5,sexta,0,0.0,0.0,0.0,9999,8.44,2,14.862893081761008,0,0,0.0,1.1404448961587903,0,1.8000000000000114,0.25,0.8904448961587905,9,1,1.8011591818730763,4.988659181873077,0.0,0,4.685871235002675,7.400620607297498,OK,train
ING0139,2024-12-22,MIX DE GERGELIM,KG,CAT0010,1,0,Nozes e Sementes,neutro,0.5,21.38,3.816666666666667,6,0,5,1,12,51,22,1,0,0,,,0,54.76,57.74666666666667,60.27,4,5.0,3,0.1,0,FOR0006,FOR0025,0.9085780653724904,0,0,,0,,,,,,21.38,21.38,0.0,0.0,0,2.5500000000000003,0.6833333333333335,0.8333333333333334,0.4333333333333333,2.1023809523809525,1.1684283750940236,3.816666666666667,1.5059523809523812,1.0462919291367956,3.816666666666667,1.2976190476190477,0.9469652012078664,3.816666666666667,1.620183486238532,0,0.0,0,0.0,,18.5,0.6166666666666667,4.297297297297297,2,8.5,sexta,1,8.5,8.5,8.5,2,29.88,4,14.196996047430828,0,0,0.0,5.1416518306524965,0,5.166666666666515,2.016666666666538,3.1249851639859587,11,1,8.31546135446215,17.398794687795483,0.0,0,3.5933063393970475,5.81136198718615,OK,train
ING0075,2024-12-31,CHANTILLY,KG,CAT0007,1,0,Laticínios,neutro,0.5,5.4,0.27,1,0,3,0,12,1,31,1,0,1,Véspera de Ano Novo,FACULTATIVO,0,31.39,32.99333333333333,35.9,2,2.333333333333333,3,0.08,0,FOR0019,FOR0019,0.8743732590529248,0,0,,0,,,,,,5.4,5.4,0.0,0.0,0,0.09,0.06,0.09,0.09,0.12,0.1039230484541327,0.27,0.2485714285714285,0.2494565521860899,0.6599999999999999,0.2067857142857143,0.2083809469400195,0.6599999999999999,0.5803108808290156,0,0.0,0,0.0,,8.0,0.2666666666666666,2.9038461538461537,27,2.5,emergencial,0,0.0,0.0,0.0,9999,5.4,2,21.724137931034484,0,0,0.0,0.4862470161494944,0,0.0,0.0,0.4862470161494944,9,1,0.899818444720923,2.3473184447209228,0.0,0,6.001210612741774,11.10546660576277,OK,train
ING0192,2025-01-10,EMPANAMENTO SECO,KG,CAT0012,1,0,Semi-prontos e Preparados,neutro,0.5,106.88,5.416666666666666,4,1,0,0,1,2,10,1,0,0,,,0,16.99,18.546666666666667,19.51,3,3.6666666666666665,3,0.12,40,FOR0014,FOR0018,0.8708354689902612,0,0,,0,,,,,,106.88,106.88,0.0,0.0,0,2.0,6.0,1.75,2.583333333333333,4.904761904761906,4.924294594018244,15.666666666666666,3.880952380952381,3.715541724331761,15.666666666666666,5.363095238095238,4.9563534425405775,19.08333333333333,0.914539400665927,0,0.0,0,0.0,,45.5,1.5166666666666666,3.2,7,4.5,sexta,0,0.0,0.0,0.0,9999,106.88,3,27.53963190184049,0,0,0.0,27.9980157048692,0,59.49999999999909,13.83333333333303,14.164682371536166,10,1,30.25396808582188,67.79563475248855,0.0,0,3.532759725825449,3.8174133883856727,OK,train
ING0060,2025-01-16,ARROZ PARBOILIZADO,KG,CAT0006,1,0,"Grãos, Farinhas e Massas",seco,0.5,60.75,6.5,3,0,1,0,1,3,16,1,0,0,,,0,7.91,8.703333333333333,9.27,4,4.333333333333333,3,0.15,0,FOR0005,FOR0005,0.8532901833872708,0,0,,0,23.5,189.08,1.0,emergencial,4.0,60.75,162.0,0.0,-101.25,0,2.4000000000000004,1.4,1.8000000000000005,7.4,3.142857142857143,2.6050317610713525,6.5,2.3285714285714287,2.046922106454008,6.5,2.4142857142857146,2.4269649214932456,8.600000000000001,1.3017751479289938,0,23.5,1,189.08,emergencial,34.0,1.1333333333333333,4.543859649122807,3,21.0,emergencial,1,21.0,21.0,21.0,1,81.75,4,26.08895705521472,0,0,0.0,16.80898424092789,0,28.700000000000045,8.800000000000182,8.00898424092771,11,1,17.666127098070568,34.56612709807057,0.0,0,4.627499821900888,4.863470560044218,OK,train
ING0059,2025-01-21,AMIDO DE MILHO,KG,CAT0006,1,0,"Grãos, Farinhas e Massas",neutro,0.5,6.08,0.12,1,0,3,0,1,4,21,1,0,0,,,0,11.64,12.24,12.98,4,4.333333333333333,3,0.05,0,FOR0005,FOR0005,0.8967642526964561,0,0,,0,,,,,,6.08,6.08,0.0,0.0,0,0.36,0.06,0.48,0.06,0.4285714285714285,0.2948122889471971,1.05,0.33,0.3068449871740554,1.05,0.2517857142857143,0.2539474073785472,1.05,1.702127659574468,0,0.0,0,0.0,,0.0,0.0,4.585365853658536,88,6.64,sexta,0,0.0,0.0,0.0,9999,6.08,4,18.424242424242426,0,0,0.0,2.518026444349184,0,3.420000000000016,1.6799999999999784,0.8380264443492057,11,1,1.8451693014920627,3.607669301492063,0.0,0,3.2950905887516764,2.4145894153115037,OK,train
ING0215,2025-02-04,PÃO DE CAIXA,KG,CAT0012,1,0,Semi-prontos e Preparados,neutro,0.5,206.71,9.23,1,0,3,0,2,6,4,1,0,0,,,0,21.16,21.92,22.68,3,3.5,2,0.12,15,FOR0014,FOR0018,0.9329805996472664,0,0,,0,,,,,,1.83,206.71,204.88,0.0,0,18.695,9.21,8.265,11.68,7.923571428571429,5.193486075753633,18.695,9.909642857142856,6.35052283259046,20.35,11.230892857142855,7.890689433049301,28.68,0.7055157171704324,0,0.0,0,0.0,,521.61,17.387,3.4347826086956523,20,130.0,emergencial,0,0.0,0.0,0.0,9999,206.71,3,20.85948030417703,0,0,0.0,52.90067375790007,0,153.15999999999983,30.34999999999945,22.55067375790061,10,1,56.243352329329184,134.85960232932916,0.0,0,3.6752787918761216,3.9075116688684974,OK,train
ING0231,2025-02-09,PASTA DE ALHO COM GENGIBRE,KG,CAT0013,1,0,Temperos e Especiarias,neutro,0.5,5.18,0.54,6,0,5,1,2,6,9,1,0,0,,,0,23.84,25.52,27.15,4,5.666666666666667,3,0.08,15,FOR0009,FOR0025,0.878084714548803,0,0,,0,,,,,,13.8,5.18,-8.620000000000001,0.0,0,0.5,0.12,0.16,0.04,0.2371428571428571,0.2063746016119138,0.54,0.1742857142857143,0.1567808016952963,0.54,0.2228571428571428,0.2027013337100441,0.7,1.064102564102564,0,0.0,0,0.0,,0.0,0.0,4.434782608695652,41,5.16,emergencial,0,0.0,0.0,0.0,9999,5.18,4,29.721311475409827,0,0,0.0,1.4689144012431572,0,1.1599999999999966,0.8000000000000114,0.6689144012431457,11,1,1.5603429726717173,3.1203429726717173,0.0,0,3.3197829520329614,3.5264137894053684,OK,train
ING0163,2025-02-24,OVO,UND,CAT0011,1,0,Proteínas,perecivel,1.0,3696.0,214.09406926406928,0,0,4,0,2,9,24,1,0,0,,,0,0.8,0.8300000000000001,0.86,1,2.0,2,0.08,0,FOR0008,FOR0007,0.930232558139535,0,0,,0,,,,,,0.0,3696.0,3696.0,0.0,0,76.03923520923522,134.07340548340548,251.45556998557,136.21757575757576,132.96591939806223,88.42713627112471,250.92300865800863,148.2810667903525,84.22684969894785,303.1948484848485,238.4552177386106,209.8384219384543,1086.1206854256857,0.557613797085441,0,0.0,0,0.0,,793.0,26.433333333333334,1.2413793103448276,3,336.0,sexta,0,0.0,0.0,0.0,9999,3696.0,1,24.925636697944704,0,0,0.0,346.23339619844955,0,1073.3359668109915,0.0,346.23339619844955,8,1,584.6886139370602,2253.8751381073344,0.0,0,6.32131345112505,10.67488012589512,OK,train
ING0165,2025-02-27,PRESUNTO SERRANO,KG,CAT0011,1,0,Proteínas,neutro,0.5,10.12,0.48,3,0,1,0,2,9,27,1,0,0,,,0,199.87,207.66,215.45,3,3.5,2,0.1,0,FOR0008,FOR0008,0.9276862381062893,0,0,,0,,,,,,0.07,10.12,10.05,0.0,0,0.39,0.03,0.15,0.42,0.2357142857142858,0.1978094321021372,0.48,0.2164285714285714,0.2125163212865921,0.72,0.3760714285714285,0.3729595279970873,1.41,0.6267806267806271,0,0.0,0,0.0,,9.8,0.3266666666666667,3.3037974683544302,6,0.5,sexta,0,0.0,0.0,0.0,9999,10.12,3,46.75907590759076,0,1,0.0,1.7858750052354435,0,3.3299999999998704,0.7199999999999704,1.065875005235473,10,1,2.1940892909497585,4.826589290949759,0.0,0,4.612392048830128,5.666689981287808,OK,train
ING0229,2025-03-12,NOZ MOSCADA,KG,CAT0013,1,0,Temperos e Especiarias,neutro,0.5,0.25,0.0,2,0,2,0,3,11,12,1,0,0,,,0,90.77,95.97333333333331,102.74,4,5.666666666666667,3,0.05,0,FOR0009,FOR0025,0.8834923106871715,0,0,,0,,,,,,0.25,0.0,0.0,0.25,0,0.0,0.0,0.0,0.0,0.0,0.0,0.0,0.0,0.0,0.0,0.0,0.0,0.0,0.0,9999,0.0,0,0.0,,0.5,0.0166666666666666,6.0,5,0.5,sexta,0,0.0,0.0,0.0,9999,0.25,4,999.0,0,1,0.0,0.0,0,0.0,0.0,0.0,11,1,0.0,0.0,0.0,0,999.0,999.0,OK,train
ING0160,2025-03-21,FILÉ DE PEITO DE FRANGO,KG,CAT0011,1,0,Proteínas,perecivel,0.5,12.15,3.4066666666666663,4,1,0,0,3,12,21,1,0,0,,,0,30.75,32.14,33.53,3,3.5,2,0.1,25,FOR0008,FOR0008,0.9170891738741426,0,0,,0,,,,,,12.15,12.15,0.0,0.0,0,5.406666666666666,4.266666666666667,0.0,2.433333333333333,3.3523809523809525,1.118460771486629,5.406666666666666,3.132857142857143,1.140776356684649,5.406666666666666,2.3797619047619043,1.545857048787219,5.406666666666666,1.4087043521760882,0,0.0,0,0.0,,5.5,0.1833333333333333,3.354430379746836,7,4.0,sexta,0,0.0,0.0,0.0,9999,12.15,3,3.878248974008208,0,0,10.0,8.904546533734287,1,17.46666666666715,4.486666666666679,4.417879867067607,10,1,11.55716558135332,28.21549891468665,16.5,1,1.05129583153184,1.3644715038514903,Atencao,train
ING0016,2025-03-23,ESSÊNCIA DE BAUNILHA,L,CAT0002,1,0,Bebidas e Bases,neutro,0.5,0.0,0.0,6,0,5,1,3,12,23,1,0,0,,,0,91.26,97.16666666666669,101.2,3,3.6666666666666665,3,0.1,0,FOR0011,FOR0011,0.9017786561264822,0,0,,0,,,,,,0.25,0.25,-0.25,-0.25,1,0.0,0.0,0.0,0.0,0.0,0.0,0.0,0.0,0.0,0.0,0.0,0.0,0.0,0.0,9999,0.0,0,0.0,,0.5,0.0166666666666666,4.411764705882353,23,0.5,sexta,0,0.0,0.0,0.0,9999,0.0,3,0.0,0,0,0.0,0.0,0,0.0,0.0,0.0,10,1,0.0,0.0,0.0,0,0.0,0.0,Emergencial,train
ING0087,2025-04-13,LEITE EM PÓ,KG,CAT0007,1,0,Laticínios,perecivel,0.5,9.0,0.246,6,0,5,1,4,15,13,0,0,0,,,0,47.65,50.370000000000005,54.95,2,2.333333333333333,3,0.12,0,FOR0004,FOR0004,0.8671519563239308,0,0,,0,,,,,,0.06,9.0,8.94,0.0,0,0.272,0.024,0.06,0.8560000000000001,0.4934285714285714,0.4474128805860258,1.404,0.4147142857142857,0.3549939172981442,1.404,0.3668571428571429,0.2931183194656191,1.404,1.3450155763239875,0,0.0,0,0.0,,11.88,0.396,2.25,9,9.38,sexta,0,0.0,0.0,0.0,9999,9.0,2,21.70168790905959,0,0,0.0,1.077977639567681,0,3.2480000000000477,0.3940000000000054,0.6839776395676755,9,1,1.4176919252819613,3.985691925281962,0.0,0,6.34834680194007,8.348967241666921,OK,train
ING0040,2025-04-18,MORANGO,KG,CAT0004,1,0,Frutas Frescas,neutro,0.5,14.51,1.65,4,1,0,0,4,16,18,0,0,1,Sexta-Feira Santa,NACIONAL,0,21.1,22.63,23.83,1,1.3333333333333333,3,0.05,0,FOR0003,FOR0007,0.8854385228703316,0,0,,0,,,,,,14.51,38.7,0.0,-24.190000000000005,0,0.54,2.52,0.3299999999999999,0.72,0.4714285714285714,0.5468219872264524,1.65,0.78,0.7858361543849088,2.52,0.5925,0.6153928284708329,2.52,0.7956600361663653,0,0.0,0,0.0,,0.0,0.0,1.5,65,25.58,emergencial,0,0.0,0.0,0.0,9999,14.51,1,18.602564102564106,0,0,0.0,1.43539816697689,0,5.07000000000005,0.4200000000000159,1.015398166976874,8,1,1.6078981669768742,5.755398166976875,0.0,0,9.02420333451919,10.108693416099095,OK,train
ING0228,2025-05-03,MATCHÁ,KG,CAT0013,1,0,Temperos e Especiarias,neutro,0.5,10.8,0.1,5,0,6,1,5,18,3,0,0,0,,,0,272.05,281.695,291.34,6,6.5,2,0.12,2,FOR0009,FOR0024,0.9337887004874031,0,0,,0,,,,,,10.8,10.8,0.0,0.0,0,0.27,0.25,0.2,0.11,0.0842857142857142,0.0896022958889525,0.27,0.0978571428571428,0.0856808542861762,0.27,0.1503571428571428,0.1703043494117851,0.69,0.5605700712589073,0,0.0,0,0.0,,0.0,0.0,7.8307692307692305,46,2.5,emergencial,0,0.0,0.0,0.0,9999,10.8,6,110.36496350364966,0,1,0.0,1.4983119491086554,0,1.3100000000000307,0.8100000000000307,0.6883119491086247,13,1,1.5904548062514818,2.642954806251482,0.0,0,6.790510461252497,7.208111773002219,OK,train
ING0164,2025-05-09,PRESUNTO DE PERU,KG,CAT0011,1,0,Proteínas,neutro,0.5,0.0,1.3,4,1,0,0,5,19,9,0,0,0,,,0,53.89,55.27,56.65,3,3.5,2,0.1,10,FOR0008,FOR0008,0.951279788172992,0,0,,0,2.43,121.56,1.0,sexta,4.0,13.5,13.5,-13.5,-13.5,1,0.15,1.4,0.25,1.85,0.4571428571428572,0.4237025012007934,1.3,0.5178571428571429,0.4643469951104796,1.4,0.4982142857142858,0.3755199217620965,1.4,0.9175627240143368,0,2.43,1,121.56,sexta,14.079999999999991,0.4693333333333331,3.246376811594203,7,3.5,sexta,0,0.0,0.0,0.0,9999,0.0,3,0.0,1,0,4.5,1.3731923131813086,1,3.1000000000000227,0.3000000000000113,1.0731923131812973,10,1,2.5678351703241544,6.055335170324155,6.5,1,0.0,0.0,Emergencial,train
ING0214,2025-05-12,PÃO CIABATTA,UND,CAT0012,1,0,Semi-prontos e Preparados,neutro,1.0,416.0,18.0,0,0,4,0,5,20,12,0,0,0,,,0,4.11,4.1850000000000005,4.26,3,3.5,2,0.05,100,FOR0014,FOR0018,0.9647887323943664,0,0,,0,,,,,,416.0,416.0,0.0,0.0,0,0.0,11.0,1.0,3.0,14.571428571428571,12.59440540950813,36.0,15.714285714285714,11.591963870441749,39.0,14.678571428571429,11.277816873808105,40.0,0.9927007299270072,0,0.0,0,0.0,,446.27,14.875666666666666,3.942857142857143,3,44.27,sexta,0,0.0,0.0,0.0,9999,416.0,3,26.472727272727276,0,0,0.0,62.23069050942384,0,133.0,30.0,32.23069050942384,10,1,76.26640479513813,179.01640479513813,0.0,0,5.454564183501664,6.684804500715021,OK,train
ING0096,2025-05-17,REQUEIJÃO,KG,CAT0007,1,0,Laticínios,neutro,0.5,27.9,0.15,5,0,6,1,5,20,17,0,0,0,,,0,36.96,39.22666666666667,42.77,2,2.333333333333333,3,0.1,0,FOR0004,FOR0004,0.8641571194762684,0,0,,0,,,,,,10.46,10.46,17.439999999999998,17.439999999999998,0,0.42,0.12,0.57,0.48,0.257142857142857,0.1864326764736853,0.48,0.2978571428571429,0.2106465713511085,0.75,0.3546428571428571,0.2758083357972324,1.29,0.7250755287009061,0,0.0,0,0.0,,16.72,0.5573333333333333,2.676056338028169,22,14.72,sexta,0,0.0,0.0,0.0,9999,27.9,2,93.66906474820142,0,1,0.0,1.1235856170149594,0,2.369999999999948,0.4799999999999613,0.6435856170149982,9,1,1.3528713313007126,3.835371331300713,0.0,0,20.622803776302703,24.831218535995674,OK,train
ING0106,2025-05-27,CENOURA,KG,CAT0008,1,0,Legumes e Verduras,neutro,0.5,7.76,0.3519949494949494,1,0,3,0,5,22,27,0,0,0,,,0,6.49,6.59,6.69,1,1.0,2,0.15,0,FOR0023,FOR0023,0.9701046337817638,0,0,,0,,,,,,0.06,0.06,7.7,7.7,0,0.7227525252525253,0.1801767676767676,0.0922222222222222,0.0976767676767676,0.3816378066378064,0.2531689218495465,0.7227525252525253,0.2650162337662337,0.2269492670605548,0.7227525252525253,0.293241341991342,0.2095779733260341,0.7227525252525253,1.3014461195893527,0,0.0,0,0.0,,5.0,0.1666666666666666,1.3804347826086956,4,1.0,sexta,0,0.0,0.0,0.0,9999,7.76,1,29.28122511485452,0,0,0.0,1.1464349691192617,0,4.950631313131339,0.800631313131305,0.3458036559879563,8,1,0.6390449979792984,2.6917343919186925,0.0,0,12.143119849991193,6.768809578411196,OK,train
ING0011,2025-06-25,CHÁ VERDE,KG,CAT0002,1,0,Bebidas e Bases,neutro,0.5,0.75,0.0,2,0,2,0,6,26,25,0,1,0,,,0,109.98,116.76666666666668,124.21,3,3.6666666666666665,3,0.1,0,FOR0011,FOR0011,0.8854359552370985,0,0,,0,,,,,,0.75,0.0,0.0,0.75,0,0.0042857142857142,0.0,0.0035714285714285,0.0060714285714285,0.0026530612244897,0.0019976297908624,0.005,0.0030357142857142,0.0023555189211201,0.0078571428571428,0.0022576530612244,0.0020871361470178,0.0078571428571428,1.1751412429378534,1,0.0,0,0.0,,0.0,0.0,4.128205128205129,40,0.5,sexta,0,0.0,0.0,0.0,9999,0.75,3,247.05882352941168,0,1,0.0,0.0102505069364792,0,0.0171428571428577,0.0042857142857144,0.0059647926507648,10,1,0.0127377518344383,0.0285413232630097,0.0,0,58.880092009036446,73.16711306549303,OK,train
ING0060,2025-06-26,ARROZ PARBOILIZADO,KG,CAT0006,1,0,"Grãos, Farinhas e Massas",seco,0.5,0.4,1.2000000000000002,3,0,1,0,6,26,26,0,0,0,,,0,7.91,8.703333333333333,9.27,4,4.333333333333333,3,0.15,0,FOR0005,FOR0005,0.8532901833872708,0,0,,0,,,,,,60.75,60.75,-60.35,-60.35,0,4.0,3.2,7.9,2.2,2.542857142857144,1.1942321701371623,4.2,2.8000000000000003,1.659008044678414,7.4,2.839285714285715,2.4418176723444214,9.1,0.8955974842767297,0,0.0,0,0.0,,45.0,1.5,4.493506493506493,6,3.5,sexta,1,3.5,3.5,3.5,1,3.9,4,0.1428571428571428,1,0,30.5,18.057998318737045,1,25.90000000000009,10.000000000000457,8.05799831873659,11,1,19.415141175879448,39.290141175879455,35.5,1,0.2008741509871272,0.2159707809892387,Emergencial,train
ING0156,2025-07-17,CHARQUE DESFIADA,KG,CAT0011,1,0,Proteínas,neutro,0.5,0.25,0.0416666666666666,3,0,1,0,7,29,17,0,0,0,,,0,74.11,76.49000000000001,78.87,3,3.5,2,0.07,0,FOR0008,FOR0008,0.9396475212374792,0,0,,0,,,,,,0.75,0.25,-0.5,0.0,0,0.0416666666666666,0.00625,0.0208333333333333,0.01875,0.0354166666666666,0.0180822452309604,0.0666666666666666,0.0278273809523809,0.0177832529582002,0.0666666666666666,0.0290922619047619,0.021743114648366,0.0791666666666666,1.217391304347826,0,0.0,0,0.0,,1.0,0.0333333333333333,3.842105263157895,13,0.5,sexta,0,0.0,0.0,0.0,9999,0.25,3,8.983957219251339,0,0,0.5,0.1933892958215104,1,0.4041666666666614,0.1312499999999978,0.0621392958215125,10,1,0.1494160815357982,0.3530619148691316,0.5,1,1.673180004657685,1.292729253385041,Atencao,validation
ING0004,2025-07-26,AÇÚCAR GRANULADO,KG,CAT0001,1,0,Açúcares e Mel,neutro,0.5,155.25,9.06619696969697,5,0,6,1,7,30,26,0,0,0,,,0,7.88,8.75,9.32,3,3.333333333333333,3,0.03,0,FOR0001,FOR0001,0.8454935622317596,0,0,,0,,,,,,155.25,0.0,0.0,155.25,0,9.85592424242424,15.163287878787877,5.0559242424242425,18.503272727272726,9.879331168831168,2.974646915980088,15.465742424242425,10.827767316017315,3.590716516157576,19.42459090909091,8.615334415584416,4.28633373964967,19.42459090909091,1.146714763731085,0,0.0,0,0.0,,472.5,15.749999999999998,3.571428571428572,3,91.5,emergencial,0,0.0,0.0,0.0,9999,155.25,3,14.338135967360657,0,0,0.0,36.47726813762,0,58.99219696969794,24.227424242424604,12.249843895195395,10,1,38.095847141948646,98.40318805103956,0.0,0,4.075247347080225,4.256075301864134,OK,validation
ING0046,2025-08-06,SUMO DE LIMÃO TAHITI,L,CAT0004,1,0,Frutas Frescas,neutro,0.5,0.25,0.1432,2,0,2,0,8,32,6,0,0,0,,,0,6.12,6.716666666666666,7.16,1,1.3333333333333333,3,0.07,0,FOR0003,FOR0007,0.8547486033519553,0,0,,0,,,,,,0.25,0.25,0.0,0.0,0,0.0124,0.0376,0.0436,0.036,0.0524285714285714,0.0486159683741091,0.1432,0.0480857142857142,0.0364886253539343,0.1432,0.0586,0.035807675568649,0.151,0.8946855192588979,0,0.0,0,0.0,,1.5,0.05,1.7142857142857142,5,0.5,sexta,0,0.0,0.0,0.0,9999,0.25,1,5.199049316696375,0,0,0.5,0.0740826646882715,1,0.4464000000000112,0.0150000000000005,0.0590826646882709,8,1,0.1176826646882709,0.527882664688271,0.5,1,2.1243570636526945,3.3746086355284537,OK,validation
ING0207,2025-08-18,NUGGETS DE FRANGO,KG,CAT0012,1,0,Semi-prontos e Preparados,perecivel,0.5,11.25,0.0,0,0,4,0,8,34,18,0,0,0,,,0,41.8,43.60999999999999,44.61,3,3.6666666666666665,3,0.1,0,FOR0014,FOR0018,0.9370096390943734,0,0,,0,,,,,,11.25,11.25,0.0,0.0,0,0.9,0.1,0.0,0.7,0.4000000000000002,0.3511884584284253,0.9,0.35,0.3204564052914338,0.9,0.3821428571428572,0.3887811642181161,1.6,1.0467289719626172,1,0.0,0,0.0,,3.5,0.1166666666666666,3.759259259259259,10,2.5,sexta,0,0.0,0.0,0.0,9999,11.25,3,32.14285714285714,0,1,0.0,2.011091403595045,0,2.1999999999999886,0.8999999999999773,1.1110914035950676,10,1,2.257519975023639,4.93251997502364,0.0,0,4.983344610220868,5.593977469094344,OK,validation
ING0076,2025-09-08,CREAM CHEESE,KG,CAT0007,1,0,Laticínios,perecivel,0.5,135.0,0.0048,0,0,4,0,9,37,8,0,0,0,,,0,47.07,49.35666666666666,51.81,2,2.333333333333333,3,0.15,0,FOR0004,FOR0004,0.9085118702953098,0,0,,0,,,,,,135.0,135.0,0.0,0.0,0,0.0392285714285714,0.0149714285714285,4.2158,1.2409714285714286,2.88839047619048,4.13595897794834,10.87610476190476,4.387925170068027,3.916712851635678,10.87610476190476,5.18584387755102,5.590849814472529,24.25507619047619,0.5569759800702876,0,0.0,0,0.0,,146.7,4.89,2.3768115942028984,24,64.2,sexta,0,0.0,0.0,0.0,9999,135.0,2,30.766249370179448,0,1,0.0,41.99181036557809,0,66.04621904761825,28.945828571428137,13.04598179414995,9,1,23.41766954925199,59.71857669210912,0.0,0,5.764877658558992,3.214912594258223,OK,validation
ING0214,2025-09-27,PÃO CIABATTA,UND,CAT0012,1,0,Semi-prontos e Preparados,neutro,1.0,416.0,18.0,5,0,6,1,9,39,27,0,0,0,,,0,4.11,4.1850000000000005,4.26,3,3.5,2,0.05,100,FOR0014,FOR0018,0.9647887323943664,0,0,,0,,,,,,416.0,0.0,0.0,416.0,0,12.0,39.0,5.0,13.0,14.714285714285714,7.804150299985369,28.0,17.357142857142858,11.399103492799814,39.0,15.535714285714286,10.84053484691568,39.0,0.9471264367816092,0,0.0,0,0.0,,956.03,31.867666666666665,3.955056179775281,16,194.0,emergencial,0,0.0,0.0,0.0,9999,416.0,3,23.967078189300413,0,0,0.0,54.98098927453012,0,194.0,24.0,30.980989274530117,10,1,77.58813213167298,186.33813213167295,0.0,0,5.36164473316636,7.566251635139485,OK,validation
ING0229,2025-10-12,NOZ MOSCADA,KG,CAT0013,1,0,Temperos e Especiarias,neutro,0.5,0.25,0.0,6,0,5,1,10,41,12,0,0,1,Nossa Senhora Aparecida,NACIONAL,0,90.77,95.97333333333331,102.74,4,5.666666666666667,3,0.05,0,FOR0009,FOR0025,0.8834923106871715,0,0,,0,,,,,,0.0,0.0,0.25,0.25,0,0.0,0.0,0.0,0.0,0.0,0.0,0.0,0.0,0.0,0.0,0.0,0.0,0.0,0.0,9999,0.0,0,0.0,,0.51,0.017,6.0,16,0.51,sexta,0,0.0,0.0,0.0,9999,0.25,4,999.0,0,1,0.0,0.0,0,0.0,0.0,0.0,11,1,0.0,0.0,0.0,0,999.0,999.0,OK,validation
ING0149,2025-11-10,SEMENTE DE MOSTARDA,KG,CAT0010,1,0,Nozes e Sementes,neutro,0.5,0.0,0.0012571428571428,0,0,4,0,11,46,10,0,0,0,,,0,47.51,50.79,53.17,4,5.0,3,0.1,0,FOR0006,FOR0025,0.8935489937934925,0,0,,0,,,,,,0.25,0.25,-0.25,-0.25,1,0.0001714285714285,0.0008571428571428,0.0024571428571428,0.0,0.0009510204081632,0.0006706102988945,0.0017714285714285,0.0010959183673469,0.0006399182780297,0.0022857142857142,0.0009989795918367,0.0007558682350011,0.0025714285714285,0.9519918283963228,0,0.0,0,0.0,,0.58,0.0193333333333333,4.575,17,0.58,sexta,0,0.0,0.0,0.0,9999,0.0,4,0.0,1,0,0.5,0.0065800794612179,1,0.0312000000000001,0.0040857142857142,0.0024943651755037,11,1,0.0064902835428506,0.0134831406857078,0.5,1,0.0,0.0,Emergencial,validation
ING0018,2025-11-13,GELO,KG,CAT0002,1,0,Bebidas e Bases,neutro,0.5,203.17,3.4000000000000004,3,0,1,0,11,46,13,0,0,0,,,0,3.91,4.0633333333333335,4.31,3,3.6666666666666665,3,0.12,20,FOR0011,FOR0011,0.9071925754060326,0,0,,0,,,,,,203.17,203.17,0.0,0.0,0,8.0,1.2000000000000002,10.2,1.6,5.028571428571429,1.9678366172985,8.0,5.128571428571429,2.526910114205517,10.0,5.707142857142856,3.203924511459718,15.000000000000002,0.8811013767209014,0,0.0,0,0.0,,0.0,0.0,3.25,62,282.06,sexta,0,0.0,0.0,0.0,9999,203.17,3,39.61532033426183,0,1,0.0,26.156444061814817,0,143.39999999999782,17.0,9.156444061814817,10,1,26.277872633243383,66.22787263324338,0.0,0,7.731599998052181,7.767493146998645,OK,validation
ING0089,2025-11-20,MANTEIGA,KG,CAT0007,1,0,Laticínios,perecivel,0.5,72.0,1.0243366883116884,3,0,1,0,11,47,20,0,0,1,Consciência Negra,NACIONAL,0,72.56,78.42333333333333,83.91,2,2.333333333333333,3,0.08,10,FOR0004,FOR0004,0.8647360266952688,0,0,,0,,,,,,72.0,192.0,0.0,-120.0,0,15.580212445887446,2.8779454545454546,0.691975,0.0423178571428571,4.84093058132344,5.086671467139327,15.580212445887446,3.536238443104515,3.779677150465629,15.580212445887446,2.9473785211812,2.9662581204145537,15.580212445887446,1.6424529616858898,0,0.0,0,0.0,,0.0,0.0,2.2181818181818183,34,4.0,sexta,0,0.0,0.0,0.0,9999,72.0,2,20.360617972579405,0,0,0.0,22.73204825506921,0,37.5388127705628,15.810426190476392,6.921622064592819,9,1,12.81637910695522,33.44802875522362,0.0,0,5.617811348989115,3.167334469472812,OK,validation
ING0054,2025-12-17,MIX DE FRUTAS VERMELHAS,KG,CAT0005,1,0,Frutas Secas e Congeladas,neutro,0.5,0.0,0.116,2,0,2,0,12,51,17,1,0,0,,,0,35.64,38.42666666666667,41.47,2,3.333333333333333,3,0.05,15,FOR0013,FOR0003,0.8594164456233422,0,0,,0,,,,,,0.25,0.25,-0.25,-0.25,1,0.244,0.024,0.14,1.416,0.2988571428571429,0.2658793138320661,0.868,0.2628571428571428,0.2270096091300155,0.868,0.2795714285714286,0.2565811442758091,1.148,1.0689831374552885,0,0.0,0,0.0,,0.5000000000000002,0.0166666666666666,2.421052631578948,26,0.5,sexta,0,0.0,0.0,0.0,9999,0.0,2,0.0,1,0,3.0,1.0507198812386924,1,1.976000000000056,0.4519999999999982,0.5987198812386942,9,1,1.1578627383815516,3.114862738381552,3.5,1,0.0,0.0,Emergencial,validation
ING0225,2025-12-22,CUMARU,KG,CAT0013,1,0,Temperos e Especiarias,neutro,0.5,0.25,0.0,0,0,4,0,12,52,22,1,0,0,,,0,302.62,330.8833333333333,355.28,4,5.666666666666667,3,0.1,0,FOR0009,FOR0025,0.851778878630939,0,0,,0,,,,,,0.0,0.25,0.25,0.0,0,0.0,0.0,0.0,0.0,0.0,0.0,0.0,0.0,0.0,0.0,0.0,0.0,0.0,0.0,9999,0.0,0,0.0,,0.5,0.0166666666666666,5.023809523809524,10,0.5,sexta,0,0.0,0.0,0.0,9999,0.25,4,999.0,0,1,0.0,0.0,0,0.0,0.0,0.0,11,1,0.0,0.0,0.0,0,999.0,999.0,OK,validation
ING0163,2026-01-05,OVO,UND,CAT0011,1,0,Proteínas,perecivel,1.0,3696.0,443.7281962481962,0,0,4,0,1,2,5,1,0,0,,,0,0.8,0.8300000000000001,0.86,1,2.0,2,0.08,0,FOR0008,FOR0007,0.930232558139535,0,0,,0,,,,,,3696.0,3696.0,0.0,0.0,0,286.16137085137086,132.40382395382397,73.95825396825397,96.1027777777778,246.31558441558445,113.921043807758,443.7281962481962,271.63623273551843,120.45785311068803,466.6135281385281,227.06710137085136,138.77799843892782,599.0948556998557,1.0847700214100853,0,0.0,0,0.0,,1169.0,38.96666666666667,1.28,24,1169.0,sexta,0,0.0,0.0,0.0,9999,3696.0,1,13.606432259714964,0,0,0.0,553.5638489393707,0,1937.0697763347416,324.58015151513973,228.9836974242309,8,1,456.0507987950823,2045.5205083910416,0.0,0,8.10436032513283,6.676736580760363,OK,test
ING0104,2026-01-21,CEBOLA ROXA,KG,CAT0008,1,0,Legumes e Verduras,neutro,0.5,0.06,0.0,2,0,2,0,1,4,21,1,0,0,,,0,10.04,10.29,10.54,1,1.0,2,0.07,0,FOR0023,FOR0023,0.952561669829222,0,0,,0,,,,,,20.7,0.06,-20.64,0.0,0,0.7840909090909091,0.0304545454545454,0.7229545454545454,0.6943181818181818,0.2336363636363636,0.3322770540281236,0.7840909090909091,0.1926136363636363,0.2532415365346815,0.7840909090909091,0.2785551948051948,0.2363729052692921,0.7840909090909091,0.8387435165219418,1,0.0,0,0.0,,8.499999999999996,0.2833333333333332,1.5432098765432098,14,2.0,emergencial,0,0.0,0.0,0.0,9999,0.06,1,0.311504424778761,1,0,3.5,1.1718334755125417,1,2.93386363636364,0.7818181818182097,0.390015293694332,8,1,0.6685704884995268,2.6184568521358904,3.0,1,0.0897437159313717,0.0512018142968282,Emergencial,test
ING0111,2026-02-07,MIX DE FOLHAS,KG,CAT0008,1,0,Legumes e Verduras,neutro,0.5,20.25,0.9,5,0,6,1,2,6,7,1,0,0,,,0,36.88,37.23,37.58,1,1.0,2,0.07,30,FOR0023,FOR0023,0.9813730707823312,0,0,,0,,,,,,20.25,20.25,0.0,0.0,0,0.3,1.3,1.8000000000000005,0.4,0.3142857142857139,0.3023715784073914,0.9,0.5714285714285714,0.4936965300022501,1.3,0.6785714285714287,0.6511284465973308,2.5,0.4631578947368414,0,0.0,0,0.0,,14.86,0.4953333333333333,1.2857142857142858,15,14.86,sexta,0,0.0,0.0,0.0,9999,20.25,1,35.4375,0,1,0.0,1.7743619368856414,0,4.900000000000091,0.7000000000000455,1.074361936885596,8,1,1.7529333654570247,6.502933365457025,0.0,0,11.552064898211588,11.412553199570311,OK,test
ING0166,2026-02-21,SALMÃO DEFUMADO,KG,CAT0011,1,0,Proteínas,perecivel,0.5,3.82,0.0,5,0,6,1,2,8,21,1,0,0,,,0,137.03,141.66500000000002,146.3,3,3.5,2,0.1,0,FOR0008,FOR0008,0.9366370471633628,0,0,,0,,,,,,10.2,3.82,-6.379999999999999,0.0,0,0.14,0.36,0.06,0.32,0.0371428571428571,0.054685246552212,0.14,0.0814285714285714,0.0949378049735031,0.36,0.13,0.1472211740004612,0.5,0.2857142857142856,1,0.0,0,0.0,,4.45,0.1483333333333333,3.8472222222222223,1,0.5,sexta,1,0.5,0.5,0.5,2,4.32,3,46.91228070175438,0,1,0.0,0.8607410129759139,0,1.8400000000000036,0.4399999999999977,0.4207410129759162,10,1,0.8107410129759163,1.7207410129759162,0.0,0,5.32845869501896,5.018931286966439,OK,test
ING0133,2026-02-23,CASTANHA DE CAJU,KG,CAT0010,1,0,Nozes e Sementes,neutro,0.5,0.25,0.1288888888888889,0,0,4,0,2,9,23,1,0,0,,,0,90.77,100.50333333333332,108.32,4,5.0,3,0.08,0,FOR0006,FOR0025,0.837980059084195,0,0,,0,,,,,,0.25,0.0,0.0,0.25,0,0.0262222222222222,0.0023333333333333,0.2253777777777778,0.0845111111111111,0.0739555555555555,0.0508566952995385,0.1417333333333333,0.0943380952380952,0.090757317753542,0.3604,0.0914714285714285,0.0995627555371791,0.3679111111111111,0.8085098998733232,0,0.0,0,0.0,,0.5,0.0166666666666666,5.090909090909091,17,0.5,sexta,0,0.0,0.0,0.0,9999,0.25,4,2.650042905456565,1,0,1.5,0.9064904266060252,1,1.2755777777777553,0.5779333333333341,0.3285570932726912,11,1,0.6944428075584055,1.3347428075584056,1.5,1,0.3600008485637228,0.2757889026319015,Emergencial,test
ING0087,2026-03-06,LEITE EM PÓ,KG,CAT0007,1,0,Laticínios,perecivel,0.5,24.0,0.284,4,1,0,0,3,10,6,1,0,1,Data Magna de Pernambuco,ESTADUAL,0,47.65,50.370000000000005,54.95,2,2.333333333333333,3,0.12,0,FOR0004,FOR0004,0.8671519563239308,0,0,,0,0.94,46.07,1.0,sexta,2.0,9.0,9.0,15.0,15.0,0,0.35,0.444,0.222,0.06,0.6920000000000002,0.5262268205504788,1.4940000000000002,0.6052857142857144,0.4499269049303678,1.4940000000000002,0.4738571428571428,0.3889914513281091,1.4940000000000002,1.4603557431413932,0,0.94,1,46.07,sexta,7.600000000000003,0.2533333333333334,2.24468085106383,23,5.6,emergencial,0,0.0,0.0,0.0,9999,24.0,2,39.65069624734481,0,1,0.0,1.7496930270904036,0,3.7779999999999054,0.8419999999999845,0.9076930270904192,9,1,1.8554073128047048,5.172407312804705,0.0,0,12.935165143722903,13.71669180159564,OK,test
ING0114,2026-03-30,REPOLHO ROXO,KG,CAT0008,1,0,Legumes e Verduras,neutro,0.5,0.25,0.0081818181818181,0,0,4,0,3,14,30,1,0,0,,,0,7.01,7.435,7.86,1,1.0,2,0.1,20,FOR0023,FOR0023,0.8918575063613231,0,0,,0,,,,,,0.25,0.25,0.0,0.0,0,0.0072727272727272,0.0027272727272727,0.0027272727272727,0.0018181818181818,0.0122077922077922,0.0093722693780097,0.029090909090909,0.0085064935064935,0.00770240459855,0.029090909090909,0.01,0.0100351387531473,0.0354545454545454,1.2207792207792207,0,0.0,0,0.0,,0.5,0.0166666666666666,1.6222222222222222,17,0.5,sexta,0,0.0,0.0,0.0,9999,0.25,1,29.389312977099227,0,0,0.0,0.021103433488147,0,0.0881818181818161,0.0045454545454539,0.016557978942693,8,1,0.026557978942693,0.096557978942693,0.0,0,9.41336690338716,11.846413529836992,OK,test
ING0227,2026-03-30,GENGIBRE,KG,CAT0013,1,0,Temperos e Especiarias,neutro,0.5,0.25,0.1998809523809523,0,0,4,0,3,14,30,1,0,0,,,0,21.14,22.13,23.38,4,5.666666666666667,3,0.08,0,FOR0009,FOR0025,0.9041916167664672,0,0,,0,,,,,,0.75,0.0,-0.5,0.25,0,0.0639857142857142,0.0605952380952381,0.0486523809523809,0.0737428571428571,0.1055054421768707,0.0519031174509106,0.1998809523809523,0.0837210884353741,0.0434625519618849,0.1998809523809523,0.0907858843537414,0.0678985829647946,0.3062428571428571,1.1621348729255687,0,0.0,0,0.0,,2.06,0.0686666666666666,4.866197183098592,3,0.5,sexta,1,0.5,0.5,0.5,1,0.75,4,2.986105468432599,0,0,1.0,0.6494653237838186,1,1.5185238095237992,0.4253999999999962,0.2240653237838223,11,1,0.5872088611987883,1.2227100516749787,0.5,1,1.2772286822594487,1.1547960646004334,Atencao,test
ING0110,2026-04-27,MIX DE COGUMELOS,KG,CAT0008,1,0,Legumes e Verduras,neutro,0.5,16.2,0.72,0,0,4,0,4,18,27,0,0,0,,,0,35.92,36.650000000000006,37.38,1,1.0,2,0.1,0,FOR0023,FOR0023,0.9609416800428036,0,0,,0,,,,,,16.2,16.2,0.0,0.0,0,0.0,0.0,2.28,0.12,0.6685714285714285,1.1168322549578715,3.12,0.497142857142857,0.8444153969684369,3.12,0.8099999999999998,0.949736805646701,3.12,0.8253968253968255,0,0.0,0,0.0,,6.000000000000004,0.2000000000000001,1.4123711340206186,17,2.0,sexta,0,0.0,0.0,0.0,9999,16.2,1,32.58620689655173,0,1,0.0,1.9270657293170703,0,2.880000000000109,0.3600000000000136,1.567065729317057,8,1,2.3770657293170565,8.047065729317055,0.0,0,6.815124966971084,8.40656328092197,OK,test
ING0107,2026-05-08,CENOURA EM FIOS,KG,CAT0008,1,0,Legumes e Verduras,neutro,0.5,6.08,0.09,4,1,0,0,5,19,8,0,0,0,,,0,17.28,17.55,17.82,1,1.0,2,0.05,30,FOR0023,FOR0023,0.9696969696969696,0,0,,0,,,,,,0.04,0.04,6.04,6.04,0,0.06,0.06,0.06,0.6,0.1585714285714285,0.2002855104951085,0.6,0.1414285714285714,0.1690633537536083,0.6,0.1371428571428571,0.1664188633996708,0.6,1.1562499999999991,0,0.0,0,0.0,,1.01,0.0336666666666666,1.381578947368421,21,1.01,sexta,0,0.0,0.0,0.0,9999,6.08,1,42.98989898989899,0,1,0.0,0.2745911246094569,0,1.919999999999959,0.0,0.2745911246094569,8,1,0.4117339817523141,1.3717339817523142,0.0,0,14.766816122691402,22.14201208668856,OK,test
ING0016,2026-05-14,ESSÊNCIA DE BAUNILHA,L,CAT0002,1,0,Bebidas e Bases,neutro,0.5,0.75,0.0,3,0,1,0,5,20,14,0,0,0,,,0,91.26,97.16666666666669,101.2,3,3.6666666666666665,3,0.1,0,FOR0011,FOR0011,0.9017786561264822,0,0,,0,,,,,,0.25,0.25,0.5,0.5,0,0.0,0.0,0.0,0.0,0.0,0.0,0.0,0.0,0.0,0.0,0.0,0.0,0.0,0.0,9999,0.0,0,0.0,,2.13,0.071,4.823529411764706,6,0.5,sexta,1,0.5,0.5,0.5,1,1.25,3,999.0,0,1,0.0,0.0,0,0.0,0.0,0.0,10,0,0.0,0.0,0.0,0,999.0,999.0,OK,test
