notebook,family,model,y_true,y_pred,residual
01_knn,Distancia,KNN Regressor,1.0,1.0,0.0
01_knn,Distancia,KNN Regressor,3.5,1.5,2.0
01_knn,Distancia,KNN Regressor,1.5,0.9,0.6
01_knn,Distancia,KNN Regressor,11.5,6.4,5.1
01_knn,Distancia,KNN Regressor,3.0,3.6,-0.6000000000000001
01_knn,Distancia,KNN Regressor,3.0,3.4,-0.3999999999999999
01_knn,Distancia,KNN Regressor,0.5,0.5,0.0
01_knn,Distancia,KNN Regressor,25.0,19.9,5.100000000000001
01_knn,Distancia,KNN Regressor,107.0,51.2,55.8
01_knn,Distancia,KNN Regressor,404.0,497.2,-93.19999999999999
01_knn,Distancia,KNN Regressor,33.0,29.4,3.6000000000000014
01_knn,Distancia,KNN Regressor,2.0,4.1,-2.0999999999999996
01_knn,Distancia,KNN Regressor,1.0,0.9,0.09999999999999998
01_knn,Distancia,KNN Regressor,18.0,21.1,-3.1000000000000014
01_knn,Distancia,KNN Regressor,3.5,7.3,-3.8
01_knn,Distancia,KNN Regressor,0.5,0.5,0.0
01_knn,Distancia,KNN Regressor,0.5,0.5,0.0
01_knn,Distancia,KNN Regressor,3.5,12.6,-9.1
01_knn,Distancia,KNN Regressor,4.5,2.8,1.7000000000000002
01_knn,Distancia,KNN Regressor,0.5,0.5,0.0
01_knn,Distancia,KNN Regressor,27.0,23.3,3.6999999999999993
01_knn,Distancia,KNN Regressor,0.5,2.2,-1.7000000000000002
01_knn,Distancia,KNN Regressor,30.0,25.6,4.399999999999999
01_knn,Distancia,KNN Regressor,11.5,19.9,-8.399999999999999
01_knn,Distancia,KNN Regressor,11.5,10.1,1.4000000000000004
01_knn,Distancia,KNN Regressor,3.5,5.1,-1.5999999999999996
01_knn,Distancia,KNN Regressor,11.5,18.9,-7.399999999999999
01_knn,Distancia,KNN Regressor,8.0,10.4,-2.4000000000000004
01_knn,Distancia,KNN Regressor,3.0,1.4,1.6
01_knn,Distancia,KNN Regressor,9.5,28.3,-18.8
01_knn,Distancia,KNN Regressor,10.0,20.8,-10.8
01_knn,Distancia,KNN Regressor,36.5,26.8,9.7
01_knn,Distancia,KNN Regressor,4.0,4.6,-0.5999999999999996
01_knn,Distancia,KNN Regressor,103.5,15.9,87.6
01_knn,Distancia,KNN Regressor,2.0,9.6,-7.6
01_knn,Distancia,KNN Regressor,10.0,11.6,-1.5999999999999996
01_knn,Distancia,KNN Regressor,141.5,70.3,71.2
01_knn,Distancia,KNN Regressor,0.5,1.5,-1.0
01_knn,Distancia,KNN Regressor,3.0,3.8,-0.7999999999999998
01_knn,Distancia,KNN Regressor,3.0,30.8,-27.8
01_knn,Distancia,KNN Regressor,0.5,0.5,0.0
01_knn,Distancia,KNN Regressor,1.0,1.4,-0.3999999999999999
01_knn,Distancia,KNN Regressor,36.0,18.5,17.5
01_knn,Distancia,KNN Regressor,39.5,21.5,18.0
01_knn,Distancia,KNN Regressor,0.5,1.6,-1.1
01_knn,Distancia,KNN Regressor,1.0,1.3,-0.30000000000000004
01_knn,Distancia,KNN Regressor,11.5,7.9,3.5999999999999996
01_knn,Distancia,KNN Regressor,6.0,3.2,2.8
01_knn,Distancia,KNN Regressor,0.5,0.5,0.0
01_knn,Distancia,KNN Regressor,1.5,9.2,-7.699999999999999
01_knn,Distancia,KNN Regressor,4.0,19.9,-15.899999999999999
01_knn,Distancia,KNN Regressor,2.5,2.7,-0.20000000000000018
01_knn,Distancia,KNN Regressor,10.0,3.2,6.8
01_knn,Distancia,KNN Regressor,4.5,16.5,-12.0
01_knn,Distancia,KNN Regressor,3135.0,1832.2,1302.8
01_knn,Distancia,KNN Regressor,24.0,21.4,2.6000000000000014
01_knn,Distancia,KNN Regressor,2.0,3.4,-1.4
01_knn,Distancia,KNN Regressor,8.0,6.1,1.9000000000000004
01_knn,Distancia,KNN Regressor,1.5,1.7,-0.19999999999999996
01_knn,Distancia,KNN Regressor,1.5,2.3,-0.7999999999999998
01_knn,Distancia,KNN Regressor,197.0,38.0,159.0
01_knn,Distancia,KNN Regressor,30.5,15.1,15.4
01_knn,Distancia,KNN Regressor,5.5,3.5,2.0
01_knn,Distancia,KNN Regressor,0.5,0.5,0.0
01_knn,Distancia,KNN Regressor,7.0,10.7,-3.6999999999999993
01_knn,Distancia,KNN Regressor,5.0,4.5,0.5
01_knn,Distancia,KNN Regressor,7.0,12.1,-5.1
01_knn,Distancia,KNN Regressor,16.5,9.2,7.300000000000001
01_knn,Distancia,KNN Regressor,0.5,7.7,-7.2
01_knn,Distancia,KNN Regressor,6.5,5.0,1.5
01_knn,Distancia,KNN Regressor,5.0,16.5,-11.5
01_knn,Distancia,KNN Regressor,0.5,1.6,-1.1
01_knn,Distancia,KNN Regressor,0.5,0.7,-0.19999999999999996
01_knn,Distancia,KNN Regressor,20.0,8.9,11.1
01_knn,Distancia,KNN Regressor,28.0,18.9,9.100000000000001
01_knn,Distancia,KNN Regressor,27.5,22.0,5.5
01_knn,Distancia,KNN Regressor,9.5,3.9,5.6
01_knn,Distancia,KNN Regressor,4.0,2.9,1.1
01_knn,Distancia,KNN Regressor,2.5,2.7,-0.20000000000000018
01_knn,Distancia,KNN Regressor,2.0,14.1,-12.1
01_knn,Distancia,KNN Regressor,0.5,0.8,-0.30000000000000004
01_knn,Distancia,KNN Regressor,0.5,0.8,-0.30000000000000004
01_knn,Distancia,KNN Regressor,9.0,6.3,2.7
01_knn,Distancia,KNN Regressor,6.5,3.6,2.9
01_knn,Distancia,KNN Regressor,0.5,1.7,-1.2
01_knn,Distancia,KNN Regressor,3.0,3.7,-0.7000000000000002
01_knn,Distancia,KNN Regressor,9.5,14.2,-4.699999999999999
01_knn,Distancia,KNN Regressor,19.0,17.4,1.6000000000000014
01_knn,Distancia,KNN Regressor,0.5,1.1,-0.6000000000000001
01_knn,Distancia,KNN Regressor,0.5,0.5,0.0
01_knn,Distancia,KNN Regressor,1.0,1.0,0.0
01_knn,Distancia,KNN Regressor,12.0,114.3,-102.3
01_knn,Distancia,KNN Regressor,153.5,57.9,95.6
01_knn,Distancia,KNN Regressor,8.0,10.1,-2.0999999999999996
01_knn,Distancia,KNN Regressor,4.0,4.0,0.0
01_knn,Distancia,KNN Regressor,1.0,1.0,0.0
01_knn,Distancia,KNN Regressor,1.0,1.8,-0.8
01_knn,Distancia,KNN Regressor,0.5,0.5,0.0
01_knn,Distancia,KNN Regressor,39.5,8.5,31.0
01_knn,Distancia,KNN Regressor,139.0,41.2,97.8
01_knn,Distancia,KNN Regressor,12.0,11.4,0.5999999999999996
01_knn,Distancia,KNN Regressor,268.0,417.6,-149.60000000000002
01_knn,Distancia,KNN Regressor,0.5,0.5,0.0
01_knn,Distancia,KNN Regressor,0.5,1.7,-1.2
01_knn,Distancia,KNN Regressor,9.0,10.3,-1.3000000000000007
01_knn,Distancia,KNN Regressor,6.5,10.6,-4.1
01_knn,Distancia,KNN Regressor,2.0,8.0,-6.0
01_knn,Distancia,KNN Regressor,0.5,0.5,0.0
01_knn,Distancia,KNN Regressor,0.5,0.5,0.0
01_knn,Distancia,KNN Regressor,1.5,8.1,-6.6
01_knn,Distancia,KNN Regressor,1.5,1.3,0.19999999999999996
01_knn,Distancia,KNN Regressor,3.0,1.4,1.6
01_knn,Distancia,KNN Regressor,25.5,33.7,-8.200000000000003
01_knn,Distancia,KNN Regressor,1.5,6.4,-4.9
01_knn,Distancia,KNN Regressor,7.0,9.2,-2.1999999999999993
01_knn,Distancia,KNN Regressor,0.5,4.2,-3.7
01_knn,Distancia,KNN Regressor,0.5,1.0,-0.5
01_knn,Distancia,KNN Regressor,4.0,5.3,-1.2999999999999998
01_knn,Distancia,KNN Regressor,10.0,13.3,-3.3000000000000007
01_knn,Distancia,KNN Regressor,138.5,142.7,-4.199999999999989
01_knn,Distancia,KNN Regressor,4.5,4.4,0.09999999999999964
01_knn,Distancia,KNN Regressor,24.0,37.0,-13.0
01_knn,Distancia,KNN Regressor,1.5,2.0,-0.5
01_knn,Distancia,KNN Regressor,0.5,0.5,0.0
01_knn,Distancia,KNN Regressor,0.5,0.5,0.0
01_knn,Distancia,KNN Regressor,1.5,1.3,0.19999999999999996
01_knn,Distancia,KNN Regressor,1.0,0.8,0.19999999999999996
01_knn,Distancia,KNN Regressor,6.0,3.4,2.6
01_knn,Distancia,KNN Regressor,31.0,22.0,9.0
01_knn,Distancia,KNN Regressor,1.0,1.7,-0.7
01_knn,Distancia,KNN Regressor,2.5,2.9,-0.3999999999999999
01_knn,Distancia,KNN Regressor,550.0,409.4,140.60000000000002
01_knn,Distancia,KNN Regressor,36.0,25.5,10.5
01_knn,Distancia,KNN Regressor,31.5,38.9,-7.399999999999999
01_knn,Distancia,KNN Regressor,2.5,16.8,-14.3
01_knn,Distancia,KNN Regressor,0.5,1.1,-0.6000000000000001
01_knn,Distancia,KNN Regressor,20.5,16.6,3.8999999999999986
01_knn,Distancia,KNN Regressor,5.5,3.7,1.7999999999999998
01_knn,Distancia,KNN Regressor,2.5,3.9,-1.4
01_knn,Distancia,KNN Regressor,20.5,21.9,-1.3999999999999986
01_knn,Distancia,KNN Regressor,1.0,0.6,0.4
01_knn,Distancia,KNN Regressor,0.5,5.6,-5.1
01_knn,Distancia,KNN Regressor,1.0,1.0,0.0
01_knn,Distancia,KNN Regressor,0.5,0.5,0.0
01_knn,Distancia,KNN Regressor,3.0,9.6,-6.6
01_knn,Distancia,KNN Regressor,0.5,0.5,0.0
01_knn,Distancia,KNN Regressor,0.5,2.6,-2.1
01_knn,Distancia,KNN Regressor,2.0,1.8,0.19999999999999996
01_knn,Distancia,KNN Regressor,1.0,1.4,-0.3999999999999999
01_knn,Distancia,KNN Regressor,5.5,7.3,-1.7999999999999998
01_knn,Distancia,KNN Regressor,29.5,12.3,17.2
01_knn,Distancia,KNN Regressor,1.0,6.6,-5.6
01_knn,Distancia,KNN Regressor,44.0,15.4,28.6
01_knn,Distancia,KNN Regressor,0.5,1.7,-1.2
01_knn,Distancia,KNN Regressor,1.0,12.2,-11.2
01_knn,Distancia,KNN Regressor,1.0,1.3,-0.30000000000000004
01_knn,Distancia,KNN Regressor,0.5,1.3,-0.8
01_knn,Distancia,KNN Regressor,1.5,1.3,0.19999999999999996
01_knn,Distancia,KNN Regressor,0.5,0.5,0.0
01_knn,Distancia,KNN Regressor,0.5,0.7,-0.19999999999999996
01_knn,Distancia,KNN Regressor,1.0,5.0,-4.0
01_knn,Distancia,KNN Regressor,1691.0,1902.8,-211.79999999999995
01_knn,Distancia,KNN Regressor,0.5,0.9,-0.4
01_knn,Distancia,KNN Regressor,1.5,11.3,-9.8
01_knn,Distancia,KNN Regressor,1.5,1.8,-0.30000000000000004
01_knn,Distancia,KNN Regressor,1.0,11.0,-10.0
01_knn,Distancia,KNN Regressor,0.5,1.5,-1.0
01_knn,Distancia,KNN Regressor,0.5,0.5,0.0
01_knn,Distancia,KNN Regressor,6.0,20.7,-14.7
01_knn,Distancia,KNN Regressor,1.5,1.3,0.19999999999999996
01_knn,Distancia,KNN Regressor,0.5,0.6,-0.09999999999999998
01_knn,Distancia,KNN Regressor,3.0,3.8,-0.7999999999999998
01_knn,Distancia,KNN Regressor,0.5,2.7,-2.2
01_knn,Distancia,KNN Regressor,23.5,18.5,5.0
01_knn,Distancia,KNN Regressor,1.0,0.9,0.09999999999999998
01_knn,Distancia,KNN Regressor,2.5,3.5,-1.0
01_knn,Distancia,KNN Regressor,0.5,0.9,-0.4
01_knn,Distancia,KNN Regressor,0.5,9.3,-8.8
01_knn,Distancia,KNN Regressor,4.0,39.5,-35.5
01_knn,Distancia,KNN Regressor,41.0,11.3,29.7
01_knn,Distancia,KNN Regressor,0.5,5.6,-5.1
01_knn,Distancia,KNN Regressor,0.5,11.8,-11.3
01_knn,Distancia,KNN Regressor,23.0,6.5,16.5
01_knn,Distancia,KNN Regressor,3.0,5.3,-2.3
01_knn,Distancia,KNN Regressor,0.5,0.6,-0.09999999999999998
01_knn,Distancia,KNN Regressor,1.0,3.8,-2.8
01_knn,Distancia,KNN Regressor,0.5,0.8,-0.30000000000000004
01_knn,Distancia,KNN Regressor,8.5,7.1,1.4000000000000004
01_knn,Distancia,KNN Regressor,1.5,1.4,0.10000000000000009
01_knn,Distancia,KNN Regressor,2.0,2.1,-0.10000000000000009
01_knn,Distancia,KNN Regressor,0.5,1.6,-1.1
01_knn,Distancia,KNN Regressor,4.0,3.3,0.7000000000000002
01_knn,Distancia,KNN Regressor,0.5,0.5,0.0
01_knn,Distancia,KNN Regressor,13.5,17.7,-4.199999999999999
01_knn,Distancia,KNN Regressor,7.0,6.7,0.2999999999999998
01_knn,Distancia,KNN Regressor,1.0,1.5,-0.5
01_knn,Distancia,KNN Regressor,1.5,1.2,0.30000000000000004
01_knn,Distancia,KNN Regressor,0.5,0.5,0.0
01_knn,Distancia,KNN Regressor,10.0,5.6,4.4
01_knn,Distancia,KNN Regressor,5.0,3.2,1.7999999999999998
01_knn,Distancia,KNN Regressor,0.5,6.5,-6.0
01_knn,Distancia,KNN Regressor,0.5,0.5,0.0
01_knn,Distancia,KNN Regressor,1.5,1.0,0.5
01_knn,Distancia,KNN Regressor,5.5,5.0,0.5
01_knn,Distancia,KNN Regressor,4.5,3.9,0.6000000000000001
01_knn,Distancia,KNN Regressor,3.0,8.5,-5.5
01_knn,Distancia,KNN Regressor,3.5,4.5,-1.0
01_knn,Distancia,KNN Regressor,129.0,42.8,86.2
01_knn,Distancia,KNN Regressor,1.0,1.0,0.0
01_knn,Distancia,KNN Regressor,3598.0,1234.6,2363.4
01_knn,Distancia,KNN Regressor,3.0,3.6,-0.6000000000000001
01_knn,Distancia,KNN Regressor,0.5,5.8,-5.3
01_knn,Distancia,KNN Regressor,24.0,15.0,9.0
01_knn,Distancia,KNN Regressor,24.5,18.7,5.800000000000001
01_knn,Distancia,KNN Regressor,1.0,1.6,-0.6000000000000001
01_knn,Distancia,KNN Regressor,5.0,2.0,3.0
01_knn,Distancia,KNN Regressor,2.0,6.2,-4.2
01_knn,Distancia,KNN Regressor,2.0,1.8,0.19999999999999996
01_knn,Distancia,KNN Regressor,10.0,17.7,-7.699999999999999
01_knn,Distancia,KNN Regressor,199.0,30.3,168.7
01_knn,Distancia,KNN Regressor,7.0,4.8,2.2
01_knn,Distancia,KNN Regressor,2.0,2.3,-0.2999999999999998
01_knn,Distancia,KNN Regressor,10.5,12.8,-2.3000000000000007
01_knn,Distancia,KNN Regressor,19.5,21.8,-2.3000000000000007
01_knn,Distancia,KNN Regressor,0.5,1.8,-1.3
01_knn,Distancia,KNN Regressor,5.0,3.2,1.7999999999999998
01_knn,Distancia,KNN Regressor,2.0,11.6,-9.6
01_knn,Distancia,KNN Regressor,5.0,2.7,2.3
01_knn,Distancia,KNN Regressor,0.5,0.8,-0.30000000000000004
01_knn,Distancia,KNN Regressor,0.5,0.5,0.0
01_knn,Distancia,KNN Regressor,0.5,1.7,-1.2
01_knn,Distancia,KNN Regressor,0.5,0.5,0.0
01_knn,Distancia,KNN Regressor,1.5,3.8,-2.3
01_knn,Distancia,KNN Regressor,4.5,15.4,-10.9
01_knn,Distancia,KNN Regressor,456.0,508.6,-52.60000000000002
01_knn,Distancia,KNN Regressor,13.5,1.4,12.1
01_knn,Distancia,KNN Regressor,5.0,5.2,-0.20000000000000018
01_knn,Distancia,KNN Regressor,3.0,2.7,0.2999999999999998
01_knn,Distancia,KNN Regressor,23.0,10.7,12.3
01_knn,Distancia,KNN Regressor,15.0,21.1,-6.100000000000001
01_knn,Distancia,KNN Regressor,463.0,317.8,145.2
01_knn,Distancia,KNN Regressor,0.5,8.3,-7.800000000000001
01_knn,Distancia,KNN Regressor,0.5,1.1,-0.6000000000000001
01_knn,Distancia,KNN Regressor,0.5,7.0,-6.5
01_knn,Distancia,KNN Regressor,0.5,0.8,-0.30000000000000004
01_knn,Distancia,KNN Regressor,4.0,3.3,0.7000000000000002
01_knn,Distancia,KNN Regressor,7.0,5.5,1.5
01_knn,Distancia,KNN Regressor,0.5,0.5,0.0
01_knn,Distancia,KNN Regressor,338.0,307.8,30.19999999999999
01_knn,Distancia,KNN Regressor,1.5,18.0,-16.5
01_knn,Distancia,KNN Regressor,28.5,26.1,2.3999999999999986
01_knn,Distancia,KNN Regressor,0.5,0.5,0.0
01_knn,Distancia,KNN Regressor,14.5,14.5,0.0
01_knn,Distancia,KNN Regressor,61.5,11.7,49.8
01_knn,Distancia,KNN Regressor,11.0,4.9,6.1
01_knn,Distancia,KNN Regressor,1.0,0.5,0.5
01_knn,Distancia,KNN Regressor,2.0,11.8,-9.8
01_knn,Distancia,KNN Regressor,11.0,11.2,-0.1999999999999993
01_knn,Distancia,KNN Regressor,1939.0,1666.8,272.20000000000005
01_knn,Distancia,KNN Regressor,93.0,412.8,-319.8
01_knn,Distancia,KNN Regressor,22.0,17.9,4.100000000000001
01_knn,Distancia,KNN Regressor,2.5,2.5,0.0
01_knn,Distancia,KNN Regressor,11.5,16.9,-5.399999999999999
01_knn,Distancia,KNN Regressor,1.5,1.2,0.30000000000000004
01_knn,Distancia,KNN Regressor,13.5,16.6,-3.1000000000000014
01_knn,Distancia,KNN Regressor,4.5,11.9,-7.4
01_knn,Distancia,KNN Regressor,5.5,9.8,-4.300000000000001
01_knn,Distancia,KNN Regressor,2.5,2.8,-0.2999999999999998
01_knn,Distancia,KNN Regressor,0.5,1.1,-0.6000000000000001
01_knn,Distancia,KNN Regressor,28.0,18.0,10.0
01_knn,Distancia,KNN Regressor,2.0,1.8,0.19999999999999996
01_knn,Distancia,KNN Regressor,24.5,19.1,5.399999999999999
01_knn,Distancia,KNN Regressor,9.0,10.8,-1.8000000000000007
01_knn,Distancia,KNN Regressor,3.0,2.1,0.8999999999999999
01_knn,Distancia,KNN Regressor,2.0,2.7,-0.7000000000000002
01_knn,Distancia,KNN Regressor,11.5,11.9,-0.40000000000000036
01_knn,Distancia,KNN Regressor,12.5,6.5,6.0
01_knn,Distancia,KNN Regressor,4.0,10.2,-6.199999999999999
01_knn,Distancia,KNN Regressor,2.5,3.3,-0.7999999999999998
01_knn,Distancia,KNN Regressor,0.5,1.1,-0.6000000000000001
01_knn,Distancia,KNN Regressor,0.5,0.7,-0.19999999999999996
01_knn,Distancia,KNN Regressor,0.5,3.9,-3.4
01_knn,Distancia,KNN Regressor,2.0,1.0,1.0
01_knn,Distancia,KNN Regressor,4.5,0.9,3.6
01_knn,Distancia,KNN Regressor,22.0,35.3,-13.299999999999997
01_knn,Distancia,KNN Regressor,28.5,15.3,13.2
01_knn,Distancia,KNN Regressor,24.0,19.4,4.600000000000001
01_knn,Distancia,KNN Regressor,1.0,0.7,0.30000000000000004
01_knn,Distancia,KNN Regressor,7.0,8.0,-1.0
01_knn,Distancia,KNN Regressor,1.5,18.2,-16.7
01_knn,Distancia,KNN Regressor,1.5,1.3,0.19999999999999996
01_knn,Distancia,KNN Regressor,2.0,1.8,0.19999999999999996
01_knn,Distancia,KNN Regressor,14.0,20.8,-6.800000000000001
01_knn,Distancia,KNN Regressor,27.0,21.7,5.300000000000001
01_knn,Distancia,KNN Regressor,23.5,23.8,-0.3000000000000007
01_knn,Distancia,KNN Regressor,149.5,66.1,83.4
01_knn,Distancia,KNN Regressor,2.5,2.8,-0.2999999999999998
01_knn,Distancia,KNN Regressor,0.5,0.6,-0.09999999999999998
01_knn,Distancia,KNN Regressor,1.0,0.9,0.09999999999999998
01_knn,Distancia,KNN Regressor,1.0,1.0,0.0
01_knn,Distancia,KNN Regressor,3.5,3.3,0.20000000000000018
01_knn,Distancia,KNN Regressor,1.0,13.6,-12.6
01_knn,Distancia,KNN Regressor,3.0,2.8,0.20000000000000018
01_knn,Distancia,KNN Regressor,9.0,1.2,7.8
01_knn,Distancia,KNN Regressor,4.0,2.3,1.7000000000000002
01_knn,Distancia,KNN Regressor,11.5,19.5,-8.0
01_knn,Distancia,KNN Regressor,0.5,1.0,-0.5
01_knn,Distancia,KNN Regressor,28.5,7.9,20.6
01_knn,Distancia,KNN Regressor,0.5,0.7,-0.19999999999999996
01_knn,Distancia,KNN Regressor,0.5,0.5,0.0
01_knn,Distancia,KNN Regressor,35.5,26.2,9.3
01_knn,Distancia,KNN Regressor,6.5,11.0,-4.5
01_knn,Distancia,KNN Regressor,3.5,3.6,-0.10000000000000009
01_knn,Distancia,KNN Regressor,539.0,410.0,129.0
01_knn,Distancia,KNN Regressor,2.0,2.8,-0.7999999999999998
01_knn,Distancia,KNN Regressor,33.5,8.6,24.9
01_knn,Distancia,KNN Regressor,4.0,3.1,0.8999999999999999
01_knn,Distancia,KNN Regressor,4.0,0.5,3.5
01_knn,Distancia,KNN Regressor,3.0,3.8,-0.7999999999999998
01_knn,Distancia,KNN Regressor,26.5,21.0,5.5
01_knn,Distancia,KNN Regressor,0.5,0.7,-0.19999999999999996
01_knn,Distancia,KNN Regressor,4.5,9.2,-4.699999999999999
01_knn,Distancia,KNN Regressor,1.5,1.3,0.19999999999999996
01_knn,Distancia,KNN Regressor,3.0,2.1,0.8999999999999999
01_knn,Distancia,KNN Regressor,0.5,1.6,-1.1
01_knn,Distancia,KNN Regressor,0.5,1.3,-0.8
01_knn,Distancia,KNN Regressor,0.5,1.1,-0.6000000000000001
01_knn,Distancia,KNN Regressor,1.0,4.7,-3.7
01_knn,Distancia,KNN Regressor,0.5,0.5,0.0
01_knn,Distancia,KNN Regressor,3.0,3.9,-0.8999999999999999
01_knn,Distancia,KNN Regressor,0.5,0.5,0.0
01_knn,Distancia,KNN Regressor,2.0,12.7,-10.7
01_knn,Distancia,KNN Regressor,1.0,1.3,-0.30000000000000004
01_knn,Distancia,KNN Regressor,26.0,15.4,10.6
01_knn,Distancia,KNN Regressor,3.0,13.5,-10.5
01_knn,Distancia,KNN Regressor,22.0,16.5,5.5
01_knn,Distancia,KNN Regressor,0.5,1.1,-0.6000000000000001
01_knn,Distancia,KNN Regressor,17.5,4.6,12.9
01_knn,Distancia,KNN Regressor,1.5,6.6,-5.1
01_knn,Distancia,KNN Regressor,0.5,0.6,-0.09999999999999998
01_knn,Distancia,KNN Regressor,509.0,391.8,117.19999999999999
01_knn,Distancia,KNN Regressor,1.0,0.7,0.30000000000000004
01_knn,Distancia,KNN Regressor,2.0,2.3,-0.2999999999999998
01_knn,Distancia,KNN Regressor,25.0,16.8,8.2
01_knn,Distancia,KNN Regressor,2.0,3.1,-1.1
01_knn,Distancia,KNN Regressor,1.5,0.6,0.9
01_knn,Distancia,KNN Regressor,2.0,3.4,-1.4
01_knn,Distancia,KNN Regressor,11.0,16.8,-5.800000000000001
01_knn,Distancia,KNN Regressor,0.5,1.2,-0.7
01_knn,Distancia,KNN Regressor,11.5,16.4,-4.899999999999999
01_knn,Distancia,KNN Regressor,0.5,1.0,-0.5
01_knn,Distancia,KNN Regressor,1.0,1.9,-0.8999999999999999
01_knn,Distancia,KNN Regressor,1.0,6.2,-5.2
01_knn,Distancia,KNN Regressor,0.5,0.7,-0.19999999999999996
01_knn,Distancia,KNN Regressor,12.5,14.6,-2.0999999999999996
01_knn,Distancia,KNN Regressor,35.5,16.2,19.3
01_knn,Distancia,KNN Regressor,21.0,17.4,3.6000000000000014
01_knn,Distancia,KNN Regressor,1.5,1.5,0.0
01_knn,Distancia,KNN Regressor,5.5,1.5,4.0
01_knn,Distancia,KNN Regressor,2.5,2.9,-0.3999999999999999
01_knn,Distancia,KNN Regressor,0.5,0.8,-0.30000000000000004
01_knn,Distancia,KNN Regressor,3.0,1.5,1.5
01_knn,Distancia,KNN Regressor,24.0,26.3,-2.3000000000000007
01_knn,Distancia,KNN Regressor,1.5,1.1,0.3999999999999999
01_knn,Distancia,KNN Regressor,4.5,1.2,3.3
01_knn,Distancia,KNN Regressor,0.5,0.5,0.0
01_knn,Distancia,KNN Regressor,0.5,4.9,-4.4
01_knn,Distancia,KNN Regressor,26.5,8.4,18.1
01_knn,Distancia,KNN Regressor,1.5,1.5,0.0
01_knn,Distancia,KNN Regressor,31.0,25.5,5.5
01_knn,Distancia,KNN Regressor,6.0,2.0,4.0
01_knn,Distancia,KNN Regressor,22.5,14.9,7.6
01_knn,Distancia,KNN Regressor,0.5,0.5,0.0
01_knn,Distancia,KNN Regressor,7.5,1.4,6.1
01_knn,Distancia,KNN Regressor,2.0,1.4,0.6000000000000001
01_knn,Distancia,KNN Regressor,3.0,3.4,-0.3999999999999999
01_knn,Distancia,KNN Regressor,36.0,16.0,20.0
01_knn,Distancia,KNN Regressor,0.5,0.5,0.0
01_knn,Distancia,KNN Regressor,129.0,63.5,65.5
01_knn,Distancia,KNN Regressor,21.5,18.7,2.8000000000000007
01_knn,Distancia,KNN Regressor,5.0,12.6,-7.6
01_knn,Distancia,KNN Regressor,0.5,10.7,-10.2
01_knn,Distancia,KNN Regressor,1.0,1.5,-0.5
01_knn,Distancia,KNN Regressor,1.5,1.5,0.0
01_knn,Distancia,KNN Regressor,4.0,11.4,-7.4
01_knn,Distancia,KNN Regressor,1.5,0.7,0.8
01_knn,Distancia,KNN Regressor,0.5,0.7,-0.19999999999999996
01_knn,Distancia,KNN Regressor,0.5,3.9,-3.4
01_knn,Distancia,KNN Regressor,5.0,3.4,1.6
01_knn,Distancia,KNN Regressor,0.5,0.8,-0.30000000000000004
01_knn,Distancia,KNN Regressor,3.0,5.7,-2.7
01_knn,Distancia,KNN Regressor,0.5,0.9,-0.4
01_knn,Distancia,KNN Regressor,25.5,14.3,11.2
01_knn,Distancia,KNN Regressor,1.5,10.3,-8.8
01_knn,Distancia,KNN Regressor,59.0,16.5,42.5
01_knn,Distancia,KNN Regressor,0.5,1.0,-0.5
01_knn,Distancia,KNN Regressor,9.5,17.7,-8.2
01_knn,Distancia,KNN Regressor,0.5,0.5,0.0
01_knn,Distancia,KNN Regressor,12.0,11.4,0.5999999999999996
01_knn,Distancia,KNN Regressor,154.0,72.4,81.6
01_knn,Distancia,KNN Regressor,0.5,1.2,-0.7
01_knn,Distancia,KNN Regressor,6.5,19.3,-12.8
01_knn,Distancia,KNN Regressor,2.5,3.0,-0.5
01_knn,Distancia,KNN Regressor,3.0,3.3,-0.2999999999999998
01_knn,Distancia,KNN Regressor,7.0,17.8,-10.8
01_knn,Distancia,KNN Regressor,2.0,1.4,0.6000000000000001
01_knn,Distancia,KNN Regressor,7.0,13.3,-6.300000000000001
01_knn,Distancia,KNN Regressor,2.0,0.9,1.1
01_knn,Distancia,KNN Regressor,25.5,21.0,4.5
01_knn,Distancia,KNN Regressor,1.5,2.1,-0.6000000000000001
01_knn,Distancia,KNN Regressor,13.5,13.0,0.5
01_knn,Distancia,KNN Regressor,0.5,6.2,-5.7
01_knn,Distancia,KNN Regressor,46.0,22.0,24.0
01_knn,Distancia,KNN Regressor,0.5,0.5,0.0
01_knn,Distancia,KNN Regressor,1.0,0.7,0.30000000000000004
01_knn,Distancia,KNN Regressor,6.5,20.8,-14.3
01_knn,Distancia,KNN Regressor,0.5,0.5,0.0
01_knn,Distancia,KNN Regressor,24.5,34.0,-9.5
01_knn,Distancia,KNN Regressor,0.5,0.5,0.0
01_knn,Distancia,KNN Regressor,2.0,2.0,0.0
01_knn,Distancia,KNN Regressor,2.5,1.8,0.7
01_knn,Distancia,KNN Regressor,130.5,80.8,49.7
01_knn,Distancia,KNN Regressor,3.0,3.7,-0.7000000000000002
01_knn,Distancia,KNN Regressor,0.5,4.1,-3.5999999999999996
01_knn,Distancia,KNN Regressor,32.5,16.1,16.4
01_knn,Distancia,KNN Regressor,17.0,23.1,-6.100000000000001
01_knn,Distancia,KNN Regressor,0.5,1.4,-0.8999999999999999
01_knn,Distancia,KNN Regressor,6.5,7.8,-1.2999999999999998
01_knn,Distancia,KNN Regressor,0.5,1.5,-1.0
01_knn,Distancia,KNN Regressor,0.5,0.5,0.0
01_knn,Distancia,KNN Regressor,7.0,41.2,-34.2
01_knn,Distancia,KNN Regressor,2.5,1.8,0.7
01_knn,Distancia,KNN Regressor,1.0,4.0,-3.0
01_knn,Distancia,KNN Regressor,1.0,21.4,-20.4
01_knn,Distancia,KNN Regressor,5.0,4.2,0.7999999999999998
01_knn,Distancia,KNN Regressor,3.5,1.6,1.9
01_knn,Distancia,KNN Regressor,1.0,1.3,-0.30000000000000004
01_knn,Distancia,KNN Regressor,0.5,0.7,-0.19999999999999996
01_knn,Distancia,KNN Regressor,4.5,20.9,-16.4
01_knn,Distancia,KNN Regressor,1.0,1.1,-0.10000000000000009
01_knn,Distancia,KNN Regressor,0.5,0.8,-0.30000000000000004
01_knn,Distancia,KNN Regressor,3.0,3.4,-0.3999999999999999
01_knn,Distancia,KNN Regressor,3.5,2.1,1.4
01_knn,Distancia,KNN Regressor,6.0,13.6,-7.6
01_knn,Distancia,KNN Regressor,3.0,7.8,-4.8
01_knn,Distancia,KNN Regressor,1.5,1.0,0.5
01_knn,Distancia,KNN Regressor,0.5,1.2,-0.7
01_knn,Distancia,KNN Regressor,113.0,77.0,36.0
01_knn,Distancia,KNN Regressor,0.5,1.7,-1.2
01_knn,Distancia,KNN Regressor,4.0,8.3,-4.300000000000001
01_knn,Distancia,KNN Regressor,1.5,1.2,0.30000000000000004
01_knn,Distancia,KNN Regressor,3.0,3.1,-0.10000000000000009
01_knn,Distancia,KNN Regressor,83.0,92.4,-9.400000000000006
01_knn,Distancia,KNN Regressor,15.5,24.7,-9.2
01_knn,Distancia,KNN Regressor,2.5,3.3,-0.7999999999999998
01_knn,Distancia,KNN Regressor,15.5,19.0,-3.5
01_knn,Distancia,KNN Regressor,7.5,4.1,3.4000000000000004
01_knn,Distancia,KNN Regressor,3.5,5.3,-1.7999999999999998
01_knn,Distancia,KNN Regressor,1.5,3.6,-2.1
01_knn,Distancia,KNN Regressor,4.0,2.8,1.2000000000000002
01_knn,Distancia,KNN Regressor,181.5,46.3,135.2
01_knn,Distancia,KNN Regressor,0.5,0.5,0.0
01_knn,Distancia,KNN Regressor,152.5,113.0,39.5
01_knn,Distancia,KNN Regressor,1.5,7.3,-5.8
01_knn,Distancia,KNN Regressor,0.5,0.6,-0.09999999999999998
01_knn,Distancia,KNN Regressor,0.5,0.5,0.0
01_knn,Distancia,KNN Regressor,0.5,0.9,-0.4
01_knn,Distancia,KNN Regressor,7.5,11.6,-4.1
01_knn,Distancia,KNN Regressor,17.0,19.1,-2.1000000000000014
01_knn,Distancia,KNN Regressor,0.5,1.0,-0.5
01_knn,Distancia,KNN Regressor,3.5,4.0,-0.5
01_knn,Distancia,KNN Regressor,0.5,0.9,-0.4
01_knn,Distancia,KNN Regressor,0.5,0.7,-0.19999999999999996
01_knn,Distancia,KNN Regressor,7.5,9.7,-2.1999999999999993
01_knn,Distancia,KNN Regressor,4.5,2.7,1.7999999999999998
01_knn,Distancia,KNN Regressor,0.5,0.5,0.0
01_knn,Distancia,KNN Regressor,0.5,0.5,0.0
01_knn,Distancia,KNN Regressor,2.0,0.9,1.1
01_knn,Distancia,KNN Regressor,1.0,0.8,0.19999999999999996
01_knn,Distancia,KNN Regressor,3.5,3.3,0.20000000000000018
01_knn,Distancia,KNN Regressor,1.5,0.5,1.0
01_knn,Distancia,KNN Regressor,20.5,16.9,3.6000000000000014
01_knn,Distancia,KNN Regressor,0.5,0.8,-0.30000000000000004
01_knn,Distancia,KNN Regressor,12.0,31.7,-19.7
01_knn,Distancia,KNN Regressor,1.5,3.6,-2.1
01_knn,Distancia,KNN Regressor,5.0,2.3,2.7
01_knn,Distancia,KNN Regressor,2.5,2.5,0.0
01_knn,Distancia,KNN Regressor,0.5,0.5,0.0
01_knn,Distancia,KNN Regressor,0.5,0.5,0.0
01_knn,Distancia,KNN Regressor,398.0,382.6,15.399999999999977
01_knn,Distancia,KNN Regressor,0.5,1.1,-0.6000000000000001
01_knn,Distancia,KNN Regressor,1.5,1.1,0.3999999999999999
01_knn,Distancia,KNN Regressor,4.0,9.4,-5.4
01_knn,Distancia,KNN Regressor,3.5,9.1,-5.6
01_knn,Distancia,KNN Regressor,1.5,1.6,-0.10000000000000009
01_knn,Distancia,KNN Regressor,0.5,0.7,-0.19999999999999996
01_knn,Distancia,KNN Regressor,8.0,13.1,-5.1
01_knn,Distancia,KNN Regressor,25.0,18.3,6.699999999999999
01_knn,Distancia,KNN Regressor,1.5,1.8,-0.30000000000000004
01_knn,Distancia,KNN Regressor,1.5,1.9,-0.3999999999999999
01_knn,Distancia,KNN Regressor,4.0,3.9,0.10000000000000009
01_knn,Distancia,KNN Regressor,6.5,12.1,-5.6
01_knn,Distancia,KNN Regressor,142.0,104.2,37.8
01_knn,Distancia,KNN Regressor,30.0,12.1,17.9
01_knn,Distancia,KNN Regressor,2.5,2.9,-0.3999999999999999
01_knn,Distancia,KNN Regressor,5.5,4.0,1.5
01_knn,Distancia,KNN Regressor,0.5,3.8,-3.3
01_knn,Distancia,KNN Regressor,0.5,0.5,0.0
01_knn,Distancia,KNN Regressor,4.0,13.1,-9.1
01_knn,Distancia,KNN Regressor,6.0,16.4,-10.399999999999999
01_knn,Distancia,KNN Regressor,5.5,8.6,-3.0999999999999996
01_knn,Distancia,KNN Regressor,1.0,13.6,-12.6
01_knn,Distancia,KNN Regressor,1.0,0.9,0.09999999999999998
01_knn,Distancia,KNN Regressor,0.5,1.1,-0.6000000000000001
01_knn,Distancia,KNN Regressor,50.5,43.1,7.399999999999999
01_knn,Distancia,KNN Regressor,2.0,1.3,0.7
01_knn,Distancia,KNN Regressor,0.5,0.5,0.0
01_knn,Distancia,KNN Regressor,76.0,44.7,31.299999999999997
01_knn,Distancia,KNN Regressor,0.5,1.7,-1.2
01_knn,Distancia,KNN Regressor,0.5,0.6,-0.09999999999999998
01_knn,Distancia,KNN Regressor,8.5,18.9,-10.399999999999999
01_knn,Distancia,KNN Regressor,31.0,14.8,16.2
01_knn,Distancia,KNN Regressor,3.0,3.0,0.0
01_knn,Distancia,KNN Regressor,37.5,23.4,14.100000000000001
01_knn,Distancia,KNN Regressor,2.0,17.6,-15.600000000000001
01_knn,Distancia,KNN Regressor,15.5,24.4,-8.899999999999999
01_knn,Distancia,KNN Regressor,0.5,0.7,-0.19999999999999996
01_knn,Distancia,KNN Regressor,6.0,13.8,-7.800000000000001
01_knn,Distancia,KNN Regressor,0.5,16.2,-15.7
01_knn,Distancia,KNN Regressor,6.0,17.7,-11.7
01_knn,Distancia,KNN Regressor,5.5,3.4,2.1
01_knn,Distancia,KNN Regressor,3.0,3.7,-0.7000000000000002
01_knn,Distancia,KNN Regressor,0.5,1.1,-0.6000000000000001
01_knn,Distancia,KNN Regressor,0.5,0.9,-0.4
01_knn,Distancia,KNN Regressor,2.5,7.2,-4.7
01_knn,Distancia,KNN Regressor,0.5,1.1,-0.6000000000000001
01_knn,Distancia,KNN Regressor,1.5,1.3,0.19999999999999996
01_knn,Distancia,KNN Regressor,30.0,21.8,8.2
01_knn,Distancia,KNN Regressor,17.5,17.1,0.3999999999999986
01_knn,Distancia,KNN Regressor,1.0,1.1,-0.10000000000000009
01_knn,Distancia,KNN Regressor,0.5,0.5,0.0
01_knn,Distancia,KNN Regressor,0.5,0.5,0.0
01_knn,Distancia,KNN Regressor,1.0,0.5,0.5
01_knn,Distancia,KNN Regressor,17.5,23.5,-6.0
01_knn,Distancia,KNN Regressor,1.0,0.9,0.09999999999999998
01_knn,Distancia,KNN Regressor,1.0,0.7,0.30000000000000004
01_knn,Distancia,KNN Regressor,0.5,0.5,0.0
01_knn,Distancia,KNN Regressor,1.5,0.6,0.9
01_knn,Distancia,KNN Regressor,7.0,26.3,-19.3
01_knn,Distancia,KNN Regressor,4.5,4.1,0.40000000000000036
01_knn,Distancia,KNN Regressor,1.0,1.1,-0.10000000000000009
01_knn,Distancia,KNN Regressor,4.5,3.6,0.8999999999999999
01_knn,Distancia,KNN Regressor,3.5,4.2,-0.7000000000000002
01_knn,Distancia,KNN Regressor,0.5,0.5,0.0
01_knn,Distancia,KNN Regressor,2.5,6.9,-4.4
01_knn,Distancia,KNN Regressor,0.5,0.5,0.0
01_knn,Distancia,KNN Regressor,78.5,79.3,-0.7999999999999972
01_knn,Distancia,KNN Regressor,0.5,0.5,0.0
01_knn,Distancia,KNN Regressor,15.0,34.5,-19.5
01_knn,Distancia,KNN Regressor,20.0,20.2,-0.1999999999999993
01_knn,Distancia,KNN Regressor,0.5,0.6,-0.09999999999999998
01_knn,Distancia,KNN Regressor,1.0,0.5,0.5
01_knn,Distancia,KNN Regressor,5.0,4.4,0.5999999999999996
01_knn,Distancia,KNN Regressor,1.5,0.9,0.6
01_knn,Distancia,KNN Regressor,2.0,3.3,-1.2999999999999998
01_knn,Distancia,KNN Regressor,6.5,3.2,3.3
01_knn,Distancia,KNN Regressor,0.5,0.5,0.0
01_knn,Distancia,KNN Regressor,1.0,0.7,0.30000000000000004
01_knn,Distancia,KNN Regressor,18.0,25.3,-7.300000000000001
01_knn,Distancia,KNN Regressor,160.0,27.8,132.2
01_knn,Distancia,KNN Regressor,134.5,107.4,27.099999999999994
01_knn,Distancia,KNN Regressor,0.5,0.5,0.0
01_knn,Distancia,KNN Regressor,2592.0,1441.8,1150.2
01_knn,Distancia,KNN Regressor,0.5,1.1,-0.6000000000000001
01_knn,Distancia,KNN Regressor,0.5,0.6,-0.09999999999999998
01_knn,Distancia,KNN Regressor,0.5,0.5,0.0
01_knn,Distancia,KNN Regressor,2.5,5.5,-3.0
01_knn,Distancia,KNN Regressor,31.5,22.3,9.2
01_knn,Distancia,KNN Regressor,22.0,17.6,4.399999999999999
01_knn,Distancia,KNN Regressor,4.5,15.0,-10.5
01_knn,Distancia,KNN Regressor,28.5,30.2,-1.6999999999999993
01_knn,Distancia,KNN Regressor,6.5,3.2,3.3
01_knn,Distancia,KNN Regressor,1.5,1.0,0.5
01_knn,Distancia,KNN Regressor,1.0,1.0,0.0
01_knn,Distancia,KNN Regressor,0.5,0.5,0.0
01_knn,Distancia,KNN Regressor,40.5,8.4,32.1
01_knn,Distancia,KNN Regressor,1.5,2.6,-1.1
01_knn,Distancia,KNN Regressor,1.0,2.5,-1.5
01_knn,Distancia,KNN Regressor,0.5,1.1,-0.6000000000000001
01_knn,Distancia,KNN Regressor,2.0,7.3,-5.3
01_knn,Distancia,KNN Regressor,2.0,3.8,-1.7999999999999998
01_knn,Distancia,KNN Regressor,6.0,0.5,5.5
01_knn,Distancia,KNN Regressor,0.5,0.5,0.0
01_knn,Distancia,KNN Regressor,18.5,11.2,7.300000000000001
01_knn,Distancia,KNN Regressor,2.0,1.5,0.5
01_knn,Distancia,KNN Regressor,1.5,0.5,1.0
01_knn,Distancia,KNN Regressor,9.5,10.2,-0.6999999999999993
01_knn,Distancia,KNN Regressor,0.5,3.7,-3.2
01_knn,Distancia,KNN Regressor,2.5,2.2,0.2999999999999998
01_knn,Distancia,KNN Regressor,5.0,4.2,0.7999999999999998
01_knn,Distancia,KNN Regressor,7.5,9.8,-2.3000000000000007
01_knn,Distancia,KNN Regressor,1.5,1.7,-0.19999999999999996
01_knn,Distancia,KNN Regressor,0.5,1.1,-0.6000000000000001
01_knn,Distancia,KNN Regressor,12.0,3.4,8.6
01_knn,Distancia,KNN Regressor,2.5,10.8,-8.3
01_knn,Distancia,KNN Regressor,4.0,0.7,3.3
01_knn,Distancia,KNN Regressor,4.5,6.8,-2.3
01_knn,Distancia,KNN Regressor,23.5,24.8,-1.3000000000000007
01_knn,Distancia,KNN Regressor,2826.0,2000.2,825.8
01_knn,Distancia,KNN Regressor,23.5,25.0,-1.5
01_knn,Distancia,KNN Regressor,22.5,30.9,-8.399999999999999
01_knn,Distancia,KNN Regressor,0.5,0.5,0.0
01_knn,Distancia,KNN Regressor,1.0,1.7,-0.7
01_knn,Distancia,KNN Regressor,0.5,0.6,-0.09999999999999998
01_knn,Distancia,KNN Regressor,94.0,33.3,60.7
01_knn,Distancia,KNN Regressor,0.5,0.6,-0.09999999999999998
01_knn,Distancia,KNN Regressor,0.5,1.1,-0.6000000000000001
01_knn,Distancia,KNN Regressor,1.5,1.2,0.30000000000000004
01_knn,Distancia,KNN Regressor,0.5,0.5,0.0
01_knn,Distancia,KNN Regressor,1.5,1.5,0.0
01_knn,Distancia,KNN Regressor,0.5,4.1,-3.5999999999999996
01_knn,Distancia,KNN Regressor,2.0,2.8,-0.7999999999999998
01_knn,Distancia,KNN Regressor,0.5,1.8,-1.3
01_knn,Distancia,KNN Regressor,3.5,3.6,-0.10000000000000009
01_knn,Distancia,KNN Regressor,23.0,48.4,-25.4
01_knn,Distancia,KNN Regressor,0.5,0.9,-0.4
01_knn,Distancia,KNN Regressor,1.0,2.3,-1.2999999999999998
01_knn,Distancia,KNN Regressor,2.5,1.4,1.1
01_knn,Distancia,KNN Regressor,26.5,28.0,-1.5
01_knn,Distancia,KNN Regressor,6.5,33.5,-27.0
01_knn,Distancia,KNN Regressor,2.5,2.9,-0.3999999999999999
01_knn,Distancia,KNN Regressor,4.5,6.5,-2.0
01_knn,Distancia,KNN Regressor,7.0,4.0,3.0
01_knn,Distancia,KNN Regressor,560.0,350.0,210.0
01_knn,Distancia,KNN Regressor,16.0,8.1,7.9
01_knn,Distancia,KNN Regressor,1.0,2.9,-1.9
01_knn,Distancia,KNN Regressor,32.0,35.4,-3.3999999999999986
01_knn,Distancia,KNN Regressor,4.5,4.8,-0.2999999999999998
01_knn,Distancia,KNN Regressor,13.0,19.5,-6.5
01_knn,Distancia,KNN Regressor,0.5,0.5,0.0
01_knn,Distancia,KNN Regressor,1.5,0.9,0.6
01_knn,Distancia,KNN Regressor,0.5,1.7,-1.2
01_knn,Distancia,KNN Regressor,1.5,1.1,0.3999999999999999
01_knn,Distancia,KNN Regressor,3.5,4.5,-1.0
01_knn,Distancia,KNN Regressor,1.0,2.0,-1.0
01_knn,Distancia,KNN Regressor,0.5,0.7,-0.19999999999999996
01_knn,Distancia,KNN Regressor,1.5,3.3,-1.7999999999999998
01_knn,Distancia,KNN Regressor,1.0,1.2,-0.19999999999999996
01_knn,Distancia,KNN Regressor,3.0,2.2,0.7999999999999998
01_knn,Distancia,KNN Regressor,2.5,2.1,0.3999999999999999
01_knn,Distancia,KNN Regressor,119.0,51.2,67.8
01_knn,Distancia,KNN Regressor,1.5,1.2,0.30000000000000004
01_knn,Distancia,KNN Regressor,1.0,1.5,-0.5
01_knn,Distancia,KNN Regressor,29.0,15.1,13.9
01_knn,Distancia,KNN Regressor,4.5,21.2,-16.7
01_knn,Distancia,KNN Regressor,16.5,13.4,3.0999999999999996
01_knn,Distancia,KNN Regressor,1.5,1.1,0.3999999999999999
01_knn,Distancia,KNN Regressor,32.5,35.1,-2.6000000000000014
01_knn,Distancia,KNN Regressor,2.0,4.0,-2.0
01_knn,Distancia,KNN Regressor,2.5,3.6,-1.1
01_knn,Distancia,KNN Regressor,2.0,13.2,-11.2
01_knn,Distancia,KNN Regressor,0.5,25.2,-24.7
01_knn,Distancia,KNN Regressor,1.0,2.0,-1.0
01_knn,Distancia,KNN Regressor,42.5,6.3,36.2
01_knn,Distancia,KNN Regressor,6.5,20.7,-14.2
01_knn,Distancia,KNN Regressor,8.0,13.1,-5.1
01_knn,Distancia,KNN Regressor,1.0,2.1,-1.1
01_knn,Distancia,KNN Regressor,1.0,1.0,0.0
01_knn,Distancia,KNN Regressor,8.5,41.5,-33.0
01_knn,Distancia,KNN Regressor,5.5,10.0,-4.5
01_knn,Distancia,KNN Regressor,32.0,12.3,19.7
01_knn,Distancia,KNN Regressor,2.0,1.0,1.0
01_knn,Distancia,KNN Regressor,2.0,6.1,-4.1
01_knn,Distancia,KNN Regressor,15.0,22.0,-7.0
01_knn,Distancia,KNN Regressor,0.5,0.7,-0.19999999999999996
01_knn,Distancia,KNN Regressor,2.5,3.6,-1.1
01_knn,Distancia,KNN Regressor,0.5,0.5,0.0
01_knn,Distancia,KNN Regressor,57.5,60.9,-3.3999999999999986
01_knn,Distancia,KNN Regressor,0.5,1.2,-0.7
01_knn,Distancia,KNN Regressor,0.5,0.6,-0.09999999999999998
01_knn,Distancia,KNN Regressor,3.0,4.9,-1.9000000000000004
01_knn,Distancia,KNN Regressor,2.5,0.5,2.0
01_knn,Distancia,KNN Regressor,5.5,7.0,-1.5
01_knn,Distancia,KNN Regressor,1.5,2.4,-0.8999999999999999
01_knn,Distancia,KNN Regressor,2.5,1.8,0.7
01_knn,Distancia,KNN Regressor,0.5,0.5,0.0
01_knn,Distancia,KNN Regressor,0.5,7.9,-7.4
01_knn,Distancia,KNN Regressor,1.0,0.6,0.4
01_knn,Distancia,KNN Regressor,8.0,16.1,-8.100000000000001
01_knn,Distancia,KNN Regressor,1.5,0.7,0.8
01_knn,Distancia,KNN Regressor,3.0,5.8,-2.8
01_knn,Distancia,KNN Regressor,0.5,6.1,-5.6
01_knn,Distancia,KNN Regressor,2.0,3.7,-1.7000000000000002
01_knn,Distancia,KNN Regressor,104.0,57.1,46.9
01_knn,Distancia,KNN Regressor,9.5,3.4,6.1
01_knn,Distancia,KNN Regressor,0.5,0.5,0.0
01_knn,Distancia,KNN Regressor,1.5,1.3,0.19999999999999996
01_knn,Distancia,KNN Regressor,0.5,0.9,-0.4
01_knn,Distancia,KNN Regressor,0.5,1.0,-0.5
01_knn,Distancia,KNN Regressor,3.0,4.0,-1.0
01_knn,Distancia,KNN Regressor,9.5,27.8,-18.3
01_knn,Distancia,KNN Regressor,0.5,0.5,0.0
01_knn,Distancia,KNN Regressor,1.0,1.2,-0.19999999999999996
01_knn,Distancia,KNN Regressor,5.5,3.9,1.6
01_knn,Distancia,KNN Regressor,65.5,37.4,28.1
01_knn,Distancia,KNN Regressor,0.5,0.7,-0.19999999999999996
01_knn,Distancia,KNN Regressor,22.0,19.0,3.0
01_knn,Distancia,KNN Regressor,1.5,0.7,0.8
01_knn,Distancia,KNN Regressor,5.5,2.9,2.6
01_knn,Distancia,KNN Regressor,7.0,6.2,0.7999999999999998
01_knn,Distancia,KNN Regressor,1.0,0.9,0.09999999999999998
01_knn,Distancia,KNN Regressor,167.0,220.4,-53.400000000000006
01_knn,Distancia,KNN Regressor,9.5,20.4,-10.899999999999999
01_knn,Distancia,KNN Regressor,20.0,30.5,-10.5
01_knn,Distancia,KNN Regressor,1.0,1.1,-0.10000000000000009
01_knn,Distancia,KNN Regressor,1.0,2.2,-1.2000000000000002
01_knn,Distancia,KNN Regressor,3.0,3.8,-0.7999999999999998
01_knn,Distancia,KNN Regressor,4.5,0.5,4.0
01_knn,Distancia,KNN Regressor,25.5,16.1,9.399999999999999
01_knn,Distancia,KNN Regressor,3.0,4.0,-1.0
01_knn,Distancia,KNN Regressor,1.5,1.2,0.30000000000000004
01_knn,Distancia,KNN Regressor,32.5,14.2,18.3
01_knn,Distancia,KNN Regressor,31.0,28.0,3.0
01_knn,Distancia,KNN Regressor,4.0,1.4,2.6
01_knn,Distancia,KNN Regressor,0.5,0.6,-0.09999999999999998
01_knn,Distancia,KNN Regressor,16.5,12.6,3.9000000000000004
01_knn,Distancia,KNN Regressor,4.0,4.1,-0.09999999999999964
01_knn,Distancia,KNN Regressor,6.0,3.9,2.1
01_knn,Distancia,KNN Regressor,0.5,0.5,0.0
01_knn,Distancia,KNN Regressor,0.5,0.5,0.0
01_knn,Distancia,KNN Regressor,1.5,1.5,0.0
01_knn,Distancia,KNN Regressor,0.5,0.5,0.0
01_knn,Distancia,KNN Regressor,33.5,21.0,12.5
01_knn,Distancia,KNN Regressor,9.0,11.0,-2.0
01_knn,Distancia,KNN Regressor,2.0,11.9,-9.9
01_knn,Distancia,KNN Regressor,9.5,9.4,0.09999999999999964
01_knn,Distancia,KNN Regressor,2.0,4.6,-2.5999999999999996
01_knn,Distancia,KNN Regressor,2.5,3.6,-1.1
01_knn,Distancia,KNN Regressor,2.5,8.1,-5.6
01_knn,Distancia,KNN Regressor,1784.0,1791.6,-7.599999999999909
01_knn,Distancia,KNN Regressor,4.0,2.0,2.0
01_knn,Distancia,KNN Regressor,1.0,0.5,0.5
01_knn,Distancia,KNN Regressor,0.5,1.3,-0.8
01_knn,Distancia,KNN Regressor,43.0,13.2,29.8
01_knn,Distancia,KNN Regressor,16.0,21.8,-5.800000000000001
01_knn,Distancia,KNN Regressor,15.5,18.9,-3.3999999999999986
01_knn,Distancia,KNN Regressor,3.5,2.6,0.8999999999999999
01_knn,Distancia,KNN Regressor,12.0,8.8,3.1999999999999993
01_knn,Distancia,KNN Regressor,3.0,2.9,0.10000000000000009
01_knn,Distancia,KNN Regressor,2.5,2.0,0.5
01_knn,Distancia,KNN Regressor,413.0,413.4,-0.39999999999997726
01_knn,Distancia,KNN Regressor,0.5,1.1,-0.6000000000000001
01_knn,Distancia,KNN Regressor,0.5,1.6,-1.1
01_knn,Distancia,KNN Regressor,8.0,2.0,6.0
01_knn,Distancia,KNN Regressor,9.5,15.9,-6.4
01_knn,Distancia,KNN Regressor,3.5,3.6,-0.10000000000000009
01_knn,Distancia,KNN Regressor,51.0,9.3,41.7
01_knn,Distancia,KNN Regressor,2.0,2.0,0.0
01_knn,Distancia,KNN Regressor,1.5,8.5,-7.0
01_knn,Distancia,KNN Regressor,7.0,13.9,-6.9
01_knn,Distancia,KNN Regressor,1.0,0.5,0.5
01_knn,Distancia,KNN Regressor,2.0,1.3,0.7
01_knn,Distancia,KNN Regressor,31.0,27.6,3.3999999999999986
01_knn,Distancia,KNN Regressor,0.5,0.5,0.0
01_knn,Distancia,KNN Regressor,0.5,0.6,-0.09999999999999998
01_knn,Distancia,KNN Regressor,6.0,20.4,-14.399999999999999
01_knn,Distancia,KNN Regressor,0.5,0.5,0.0
01_knn,Distancia,KNN Regressor,5.5,5.5,0.0
01_knn,Distancia,KNN Regressor,0.5,2.6,-2.1
01_knn,Distancia,KNN Regressor,1.0,1.6,-0.6000000000000001
01_knn,Distancia,KNN Regressor,8.0,7.9,0.09999999999999964
01_knn,Distancia,KNN Regressor,0.5,2.0,-1.5
01_knn,Distancia,KNN Regressor,2.5,1.4,1.1
01_knn,Distancia,KNN Regressor,22.0,14.6,7.4
01_knn,Distancia,KNN Regressor,2.0,1.0,1.0
01_knn,Distancia,KNN Regressor,0.5,2.0,-1.5
01_knn,Distancia,KNN Regressor,0.5,0.7,-0.19999999999999996
01_knn,Distancia,KNN Regressor,36.0,42.1,-6.100000000000001
01_knn,Distancia,KNN Regressor,43.5,12.9,30.6
01_knn,Distancia,KNN Regressor,2.5,2.0,0.5
01_knn,Distancia,KNN Regressor,6.0,4.0,2.0
01_knn,Distancia,KNN Regressor,0.5,0.5,0.0
01_knn,Distancia,KNN Regressor,1.0,0.9,0.09999999999999998
01_knn,Distancia,KNN Regressor,0.5,5.7,-5.2
01_knn,Distancia,KNN Regressor,28.0,18.4,9.600000000000001
01_knn,Distancia,KNN Regressor,0.5,0.5,0.0
01_knn,Distancia,KNN Regressor,33.5,19.3,14.2
01_knn,Distancia,KNN Regressor,1.5,0.7,0.8
01_knn,Distancia,KNN Regressor,0.5,1.2,-0.7
01_knn,Distancia,KNN Regressor,6.0,20.8,-14.8
01_knn,Distancia,KNN Regressor,5.5,6.3,-0.7999999999999998
01_knn,Distancia,KNN Regressor,8.0,9.2,-1.1999999999999993
01_knn,Distancia,KNN Regressor,25.5,19.6,5.899999999999999
01_knn,Distancia,KNN Regressor,5.0,12.0,-7.0
01_knn,Distancia,KNN Regressor,0.5,2.6,-2.1
01_knn,Distancia,KNN Regressor,0.5,0.5,0.0
01_knn,Distancia,KNN Regressor,14.0,4.8,9.2
01_knn,Distancia,KNN Regressor,0.5,4.8,-4.3
01_knn,Distancia,KNN Regressor,12.0,8.8,3.1999999999999993
01_knn,Distancia,KNN Regressor,8.0,3.8,4.2
01_knn,Distancia,KNN Regressor,9.0,7.1,1.9000000000000004
01_knn,Distancia,KNN Regressor,3.0,4.0,-1.0
01_knn,Distancia,KNN Regressor,56.0,92.5,-36.5
01_knn,Distancia,KNN Regressor,1.0,4.0,-3.0
01_knn,Distancia,KNN Regressor,3.0,4.6,-1.5999999999999996
01_knn,Distancia,KNN Regressor,1.5,5.2,-3.7
01_knn,Distancia,KNN Regressor,19.5,21.3,-1.8000000000000007
01_knn,Distancia,KNN Regressor,37.0,48.0,-11.0
01_knn,Distancia,KNN Regressor,1.0,10.4,-9.4
01_knn,Distancia,KNN Regressor,0.5,1.3,-0.8
01_knn,Distancia,KNN Regressor,11.5,17.7,-6.199999999999999
01_knn,Distancia,KNN Regressor,2.0,8.5,-6.5
01_knn,Distancia,KNN Regressor,52.0,20.7,31.3
01_knn,Distancia,KNN Regressor,15.5,12.5,3.0
01_knn,Distancia,KNN Regressor,0.5,0.7,-0.19999999999999996
01_knn,Distancia,KNN Regressor,1.0,1.0,0.0
01_knn,Distancia,KNN Regressor,0.5,26.4,-25.9
01_knn,Distancia,KNN Regressor,97.0,41.7,55.3
01_knn,Distancia,KNN Regressor,6.0,5.2,0.7999999999999998
01_knn,Distancia,KNN Regressor,36.0,17.4,18.6
01_knn,Distancia,KNN Regressor,0.5,0.5,0.0
01_knn,Distancia,KNN Regressor,24.0,30.8,-6.800000000000001
01_knn,Distancia,KNN Regressor,0.5,0.5,0.0
01_knn,Distancia,KNN Regressor,3.0,4.4,-1.4000000000000004
01_knn,Distancia,KNN Regressor,2.0,2.7,-0.7000000000000002
01_knn,Distancia,KNN Regressor,5.0,2.1,2.9
01_knn,Distancia,KNN Regressor,3.0,3.9,-0.8999999999999999
01_knn,Distancia,KNN Regressor,91.0,27.5,63.5
01_knn,Distancia,KNN Regressor,0.5,0.5,0.0
01_knn,Distancia,KNN Regressor,23.0,4.6,18.4
01_knn,Distancia,KNN Regressor,1.0,2.0,-1.0
01_knn,Distancia,KNN Regressor,1.5,1.1,0.3999999999999999
01_knn,Distancia,KNN Regressor,16.5,7.6,8.9
01_knn,Distancia,KNN Regressor,21.0,22.7,-1.6999999999999993
01_knn,Distancia,KNN Regressor,2.0,3.0,-1.0
01_knn,Distancia,KNN Regressor,1.0,1.0,0.0
01_knn,Distancia,KNN Regressor,2.0,1.3,0.7
01_knn,Distancia,KNN Regressor,1.5,1.5,0.0
01_knn,Distancia,KNN Regressor,23.5,14.9,8.6
01_knn,Distancia,KNN Regressor,0.5,1.6,-1.1
01_knn,Distancia,KNN Regressor,26.0,13.9,12.1
01_knn,Distancia,KNN Regressor,2.0,1.3,0.7
01_knn,Distancia,KNN Regressor,2.0,3.2,-1.2000000000000002
01_knn,Distancia,KNN Regressor,0.5,0.5,0.0
01_knn,Distancia,KNN Regressor,4.0,3.0,1.0
01_knn,Distancia,KNN Regressor,1.5,4.7,-3.2
01_knn,Distancia,KNN Regressor,2.5,3.3,-0.7999999999999998
01_knn,Distancia,KNN Regressor,6.5,16.3,-9.8
01_knn,Distancia,KNN Regressor,5.0,48.9,-43.9
01_knn,Distancia,KNN Regressor,22.5,14.9,7.6
01_knn,Distancia,KNN Regressor,2.0,40.7,-38.7
01_knn,Distancia,KNN Regressor,14.5,24.9,-10.399999999999999
01_knn,Distancia,KNN Regressor,11.5,11.2,0.3000000000000007
01_knn,Distancia,KNN Regressor,34.0,57.6,-23.6
01_knn,Distancia,KNN Regressor,2.0,2.8,-0.7999999999999998
01_knn,Distancia,KNN Regressor,0.5,1.4,-0.8999999999999999
01_knn,Distancia,KNN Regressor,0.5,0.5,0.0
01_knn,Distancia,KNN Regressor,24.0,20.9,3.1000000000000014
01_knn,Distancia,KNN Regressor,2.5,1.9,0.6000000000000001
01_knn,Distancia,KNN Regressor,20.0,27.0,-7.0
01_knn,Distancia,KNN Regressor,2.0,2.4,-0.3999999999999999
01_knn,Distancia,KNN Regressor,0.5,0.8,-0.30000000000000004
01_knn,Distancia,KNN Regressor,5.0,4.9,0.09999999999999964
01_knn,Distancia,KNN Regressor,11.0,16.8,-5.800000000000001
01_knn,Distancia,KNN Regressor,1.5,2.0,-0.5
01_knn,Distancia,KNN Regressor,0.5,0.5,0.0
01_knn,Distancia,KNN Regressor,10.5,5.9,4.6
01_knn,Distancia,KNN Regressor,199.5,54.8,144.7
01_knn,Distancia,KNN Regressor,0.5,2.4,-1.9
01_knn,Distancia,KNN Regressor,47.5,31.7,15.8
01_knn,Distancia,KNN Regressor,0.5,0.7,-0.19999999999999996
01_knn,Distancia,KNN Regressor,39.5,19.9,19.6
01_knn,Distancia,KNN Regressor,18.5,15.1,3.4000000000000004
01_knn,Distancia,KNN Regressor,54.5,63.4,-8.899999999999999
01_knn,Distancia,KNN Regressor,1.5,1.3,0.19999999999999996
01_knn,Distancia,KNN Regressor,2.0,0.6,1.4
01_knn,Distancia,KNN Regressor,0.5,0.5,0.0
01_knn,Distancia,KNN Regressor,8.5,6.7,1.7999999999999998
01_knn,Distancia,KNN Regressor,1.0,3.6,-2.6
01_knn,Distancia,KNN Regressor,22.0,17.0,5.0
01_knn,Distancia,KNN Regressor,0.5,9.8,-9.3
01_knn,Distancia,KNN Regressor,14.0,15.1,-1.0999999999999996
01_knn,Distancia,KNN Regressor,1.5,4.6,-3.0999999999999996
01_knn,Distancia,KNN Regressor,29.5,20.8,8.7
01_knn,Distancia,KNN Regressor,4.5,17.2,-12.7
01_knn,Distancia,KNN Regressor,23.0,16.9,6.100000000000001
01_knn,Distancia,KNN Regressor,0.5,0.5,0.0
01_knn,Distancia,KNN Regressor,3.5,4.6,-1.0999999999999996
01_knn,Distancia,KNN Regressor,225.0,1827.0,-1602.0
01_knn,Distancia,KNN Regressor,27.5,19.6,7.899999999999999
01_knn,Distancia,KNN Regressor,5.0,13.3,-8.3
01_knn,Distancia,KNN Regressor,0.5,0.5,0.0
01_knn,Distancia,KNN Regressor,10.0,10.9,-0.9000000000000004
01_knn,Distancia,KNN Regressor,8.0,12.9,-4.9
01_knn,Distancia,KNN Regressor,0.5,0.5,0.0
01_knn,Distancia,KNN Regressor,22.5,19.2,3.3000000000000007
01_knn,Distancia,KNN Regressor,19.5,21.4,-1.8999999999999986
01_knn,Distancia,KNN Regressor,1.0,0.7,0.30000000000000004
01_knn,Distancia,KNN Regressor,2.0,1.4,0.6000000000000001
01_knn,Distancia,KNN Regressor,15.5,18.6,-3.1000000000000014
01_knn,Distancia,KNN Regressor,1.0,1.0,0.0
01_knn,Distancia,KNN Regressor,0.5,0.8,-0.30000000000000004
01_knn,Distancia,KNN Regressor,6.0,5.4,0.5999999999999996
01_knn,Distancia,KNN Regressor,3.0,1.9,1.1
01_knn,Distancia,KNN Regressor,0.5,0.5,0.0
01_knn,Distancia,KNN Regressor,5.0,11.1,-6.1
01_knn,Distancia,KNN Regressor,1.5,1.5,0.0
01_knn,Distancia,KNN Regressor,4.0,3.1,0.8999999999999999
01_knn,Distancia,KNN Regressor,1.5,24.4,-22.9
01_knn,Distancia,KNN Regressor,0.5,1.1,-0.6000000000000001
01_knn,Distancia,KNN Regressor,9.0,18.7,-9.7
01_knn,Distancia,KNN Regressor,1.5,2.6,-1.1
01_knn,Distancia,KNN Regressor,1.5,1.1,0.3999999999999999
01_knn,Distancia,KNN Regressor,34.0,22.3,11.7
01_knn,Distancia,KNN Regressor,16.0,11.0,5.0
01_knn,Distancia,KNN Regressor,0.5,0.9,-0.4
01_knn,Distancia,KNN Regressor,1.5,0.5,1.0
01_knn,Distancia,KNN Regressor,1.0,13.1,-12.1
01_knn,Distancia,KNN Regressor,2.5,1.8,0.7
01_knn,Distancia,KNN Regressor,75.5,28.0,47.5
01_knn,Distancia,KNN Regressor,16.5,18.6,-2.1000000000000014
01_knn,Distancia,KNN Regressor,5.5,9.5,-4.0
01_knn,Distancia,KNN Regressor,17.0,18.5,-1.5
01_knn,Distancia,KNN Regressor,0.5,1.8,-1.3
01_knn,Distancia,KNN Regressor,1.5,0.9,0.6
01_knn,Distancia,KNN Regressor,6.5,19.2,-12.7
01_knn,Distancia,KNN Regressor,10.5,15.0,-4.5
01_knn,Distancia,KNN Regressor,1.5,1.0,0.5
01_knn,Distancia,KNN Regressor,1.5,6.7,-5.2
01_knn,Distancia,KNN Regressor,0.5,0.7,-0.19999999999999996
01_knn,Distancia,KNN Regressor,1.0,1.1,-0.10000000000000009
01_knn,Distancia,KNN Regressor,0.5,0.5,0.0
01_knn,Distancia,KNN Regressor,5.0,26.6,-21.6
01_knn,Distancia,KNN Regressor,0.5,1.3,-0.8
01_knn,Distancia,KNN Regressor,10.0,11.8,-1.8000000000000007
01_knn,Distancia,KNN Regressor,0.5,0.7,-0.19999999999999996
01_knn,Distancia,KNN Regressor,7.0,3.2,3.8
01_knn,Distancia,KNN Regressor,1.5,1.4,0.10000000000000009
01_knn,Distancia,KNN Regressor,0.5,0.9,-0.4
01_knn,Distancia,KNN Regressor,0.5,0.5,0.0
01_knn,Distancia,KNN Regressor,0.5,0.9,-0.4
01_knn,Distancia,KNN Regressor,26.0,18.2,7.800000000000001
01_knn,Distancia,KNN Regressor,12.5,21.2,-8.7
01_knn,Distancia,KNN Regressor,0.5,0.5,0.0
01_knn,Distancia,KNN Regressor,38.0,14.5,23.5
01_knn,Distancia,KNN Regressor,1.0,3.4,-2.4
01_knn,Distancia,KNN Regressor,17.0,25.0,-8.0
01_knn,Distancia,KNN Regressor,0.5,6.6,-6.1
01_knn,Distancia,KNN Regressor,43.5,36.2,7.299999999999997
01_knn,Distancia,KNN Regressor,0.5,0.5,0.0
01_knn,Distancia,KNN Regressor,7.5,4.0,3.5
01_knn,Distancia,KNN Regressor,2.0,6.7,-4.7
01_knn,Distancia,KNN Regressor,1.0,0.9,0.09999999999999998
01_knn,Distancia,KNN Regressor,0.5,0.5,0.0
01_knn,Distancia,KNN Regressor,4.5,2.1,2.4
01_knn,Distancia,KNN Regressor,0.5,1.2,-0.7
01_knn,Distancia,KNN Regressor,4.5,4.9,-0.40000000000000036
01_knn,Distancia,KNN Regressor,10.5,19.0,-8.5
01_knn,Distancia,KNN Regressor,0.5,1.0,-0.5
01_knn,Distancia,KNN Regressor,7.0,11.3,-4.300000000000001
01_knn,Distancia,KNN Regressor,16.0,5.4,10.6
01_knn,Distancia,KNN Regressor,1.5,1.6,-0.10000000000000009
01_knn,Distancia,KNN Regressor,0.5,0.5,0.0
01_knn,Distancia,KNN Regressor,1.5,4.8,-3.3
01_knn,Distancia,KNN Regressor,2981.0,1913.0,1068.0
01_knn,Distancia,KNN Regressor,2.0,10.2,-8.2
01_knn,Distancia,KNN Regressor,0.5,0.5,0.0
01_knn,Distancia,KNN Regressor,0.5,0.5,0.0
01_knn,Distancia,KNN Regressor,16.0,28.2,-12.2
01_knn,Distancia,KNN Regressor,7.0,3.8,3.2
01_knn,Distancia,KNN Regressor,7.0,9.4,-2.4000000000000004
01_knn,Distancia,KNN Regressor,7.5,2.1,5.4
01_knn,Distancia,KNN Regressor,27.0,33.5,-6.5
01_knn,Distancia,KNN Regressor,1.0,0.5,0.5
01_knn,Distancia,KNN Regressor,0.5,0.8,-0.30000000000000004
01_knn,Distancia,KNN Regressor,36.0,21.9,14.100000000000001
01_knn,Distancia,KNN Regressor,7.5,4.9,2.5999999999999996
01_knn,Distancia,KNN Regressor,1.0,1.1,-0.10000000000000009
01_knn,Distancia,KNN Regressor,2.5,3.2,-0.7000000000000002
01_knn,Distancia,KNN Regressor,2.5,6.3,-3.8
01_knn,Distancia,KNN Regressor,1.0,1.4,-0.3999999999999999
01_knn,Distancia,KNN Regressor,289.0,320.0,-31.0
01_knn,Distancia,KNN Regressor,0.5,3.5,-3.0
01_knn,Distancia,KNN Regressor,84.0,10.2,73.8
01_knn,Distancia,KNN Regressor,11.5,5.4,6.1
01_knn,Distancia,KNN Regressor,41.5,8.5,33.0
01_knn,Distancia,KNN Regressor,9.5,5.7,3.8
01_knn,Distancia,KNN Regressor,2.0,1.4,0.6000000000000001
01_knn,Distancia,KNN Regressor,7.0,35.4,-28.4
01_knn,Distancia,KNN Regressor,42.5,9.3,33.2
01_knn,Distancia,KNN Regressor,0.5,0.6,-0.09999999999999998
01_knn,Distancia,KNN Regressor,0.5,1.0,-0.5
01_knn,Distancia,KNN Regressor,14.0,27.3,-13.3
01_knn,Distancia,KNN Regressor,2.5,6.7,-4.2
01_knn,Distancia,KNN Regressor,2.5,6.4,-3.9000000000000004
01_knn,Distancia,KNN Regressor,0.5,0.8,-0.30000000000000004
01_knn,Distancia,KNN Regressor,0.5,2.2,-1.7000000000000002
01_knn,Distancia,KNN Regressor,26.5,18.2,8.3
01_knn,Distancia,KNN Regressor,0.5,1.2,-0.7
01_knn,Distancia,KNN Regressor,25.0,23.9,1.1000000000000014
01_knn,Distancia,KNN Regressor,0.5,0.5,0.0
01_knn,Distancia,KNN Regressor,1.5,0.8,0.7
01_knn,Distancia,KNN Regressor,40.0,25.9,14.100000000000001
01_knn,Distancia,KNN Regressor,2.0,6.8,-4.8
01_knn,Distancia,KNN Regressor,0.5,0.5,0.0
01_knn,Distancia,KNN Regressor,25.5,21.3,4.199999999999999
01_knn,Distancia,KNN Regressor,1.0,5.0,-4.0
01_knn,Distancia,KNN Regressor,2.5,1.1,1.4
01_knn,Distancia,KNN Regressor,1.0,1.0,0.0
01_knn,Distancia,KNN Regressor,5.5,6.5,-1.0
01_knn,Distancia,KNN Regressor,23.0,12.7,10.3
01_knn,Distancia,KNN Regressor,0.5,0.5,0.0
01_knn,Distancia,KNN Regressor,2.5,0.9,1.6
01_knn,Distancia,KNN Regressor,32.5,14.3,18.2
01_knn,Distancia,KNN Regressor,17.0,24.4,-7.399999999999999
01_knn,Distancia,KNN Regressor,9.0,4.9,4.1
01_knn,Distancia,KNN Regressor,0.5,1.0,-0.5
01_knn,Distancia,KNN Regressor,0.5,0.5,0.0
01_knn,Distancia,KNN Regressor,20.5,15.5,5.0
01_knn,Distancia,KNN Regressor,0.5,0.5,0.0
01_knn,Distancia,KNN Regressor,44.5,12.6,31.9
01_knn,Distancia,KNN Regressor,1.0,1.1,-0.10000000000000009
01_knn,Distancia,KNN Regressor,160.0,88.7,71.3
01_knn,Distancia,KNN Regressor,1.5,5.6,-4.1
01_knn,Distancia,KNN Regressor,21.5,20.2,1.3000000000000007
01_knn,Distancia,KNN Regressor,1.0,1.2,-0.19999999999999996
01_knn,Distancia,KNN Regressor,1.0,0.9,0.09999999999999998
01_knn,Distancia,KNN Regressor,43.0,33.4,9.600000000000001
01_knn,Distancia,KNN Regressor,13.0,12.8,0.1999999999999993
01_knn,Distancia,KNN Regressor,0.5,0.5,0.0
01_knn,Distancia,KNN Regressor,627.0,453.0,174.0
01_knn,Distancia,KNN Regressor,32.0,23.7,8.3
01_knn,Distancia,KNN Regressor,7.5,45.4,-37.9
01_knn,Distancia,KNN Regressor,6.0,0.6,5.4
01_knn,Distancia,KNN Regressor,1.0,1.5,-0.5
01_knn,Distancia,KNN Regressor,46.0,19.0,27.0
01_knn,Distancia,KNN Regressor,25.0,23.2,1.8000000000000007
01_knn,Distancia,KNN Regressor,7.5,16.6,-9.100000000000001
01_knn,Distancia,KNN Regressor,11.5,21.1,-9.600000000000001
01_knn,Distancia,KNN Regressor,139.0,27.9,111.1
01_knn,Distancia,KNN Regressor,0.5,0.5,0.0
01_knn,Distancia,KNN Regressor,2.5,37.4,-34.9
01_knn,Distancia,KNN Regressor,0.5,0.5,0.0
01_knn,Distancia,KNN Regressor,299.0,388.2,-89.19999999999999
01_knn,Distancia,KNN Regressor,2.5,2.8,-0.2999999999999998
01_knn,Distancia,KNN Regressor,7.5,25.1,-17.6
01_knn,Distancia,KNN Regressor,2.5,3.7,-1.2000000000000002
01_knn,Distancia,KNN Regressor,5.5,4.9,0.5999999999999996
01_knn,Distancia,KNN Regressor,68.0,16.0,52.0
01_knn,Distancia,KNN Regressor,17.5,9.9,7.6
01_knn,Distancia,KNN Regressor,123.0,73.3,49.7
01_knn,Distancia,KNN Regressor,10.5,13.3,-2.8000000000000007
01_knn,Distancia,KNN Regressor,0.5,1.7,-1.2
01_knn,Distancia,KNN Regressor,0.5,0.6,-0.09999999999999998
01_knn,Distancia,KNN Regressor,3.5,1.7,1.8
01_knn,Distancia,KNN Regressor,1.0,1.2,-0.19999999999999996
01_knn,Distancia,KNN Regressor,5.5,16.0,-10.5
01_knn,Distancia,KNN Regressor,3.5,11.8,-8.3
01_knn,Distancia,KNN Regressor,17.5,32.8,-15.299999999999997
01_knn,Distancia,KNN Regressor,11.0,11.8,-0.8000000000000007
01_knn,Distancia,KNN Regressor,1.0,1.5,-0.5
01_knn,Distancia,KNN Regressor,10.0,22.2,-12.2
01_knn,Distancia,KNN Regressor,526.0,455.2,70.80000000000001
01_knn,Distancia,KNN Regressor,9.0,4.2,4.8
01_knn,Distancia,KNN Regressor,1.0,2.2,-1.2000000000000002
01_knn,Distancia,KNN Regressor,1.0,2.3,-1.2999999999999998
01_knn,Distancia,KNN Regressor,2.0,1.6,0.3999999999999999
01_knn,Distancia,KNN Regressor,729.0,912.4,-183.39999999999998
01_knn,Distancia,KNN Regressor,8.0,9.6,-1.5999999999999996
01_knn,Distancia,KNN Regressor,1.5,3.8,-2.3
01_knn,Distancia,KNN Regressor,6.0,10.4,-4.4
01_knn,Distancia,KNN Regressor,25.5,20.7,4.800000000000001
01_knn,Distancia,KNN Regressor,8.0,15.7,-7.699999999999999
01_knn,Distancia,KNN Regressor,6.0,17.7,-11.7
01_knn,Distancia,KNN Regressor,27.0,22.7,4.300000000000001
01_knn,Distancia,KNN Regressor,44.0,25.2,18.8
01_knn,Distancia,KNN Regressor,3.5,3.2,0.2999999999999998
01_knn,Distancia,KNN Regressor,1.0,0.7,0.30000000000000004
01_knn,Distancia,KNN Regressor,1.5,1.0,0.5
01_knn,Distancia,KNN Regressor,4.0,1.4,2.6
01_knn,Distancia,KNN Regressor,3.5,2.0,1.5
01_knn,Distancia,KNN Regressor,0.5,7.0,-6.5
01_knn,Distancia,KNN Regressor,1.0,0.7,0.30000000000000004
01_knn,Distancia,KNN Regressor,5.5,3.8,1.7000000000000002
01_knn,Distancia,KNN Regressor,0.5,0.5,0.0
01_knn,Distancia,KNN Regressor,29.5,8.6,20.9
01_knn,Distancia,KNN Regressor,33.0,27.1,5.899999999999999
01_knn,Distancia,KNN Regressor,21.5,23.0,-1.5
01_knn,Distancia,KNN Regressor,6.0,3.3,2.7
01_knn,Distancia,KNN Regressor,0.5,0.7,-0.19999999999999996
01_knn,Distancia,KNN Regressor,1.0,1.8,-0.8
01_knn,Distancia,KNN Regressor,1.5,2.7,-1.2000000000000002
01_knn,Distancia,KNN Regressor,2.0,1.9,0.10000000000000009
01_knn,Distancia,KNN Regressor,0.5,0.5,0.0
01_knn,Distancia,KNN Regressor,1.0,1.0,0.0
01_knn,Distancia,KNN Regressor,25.0,3.6,21.4
01_knn,Distancia,KNN Regressor,0.5,0.5,0.0
01_knn,Distancia,KNN Regressor,1.5,41.9,-40.4
01_knn,Distancia,KNN Regressor,2.0,0.7,1.3
01_knn,Distancia,KNN Regressor,1.0,1.3,-0.30000000000000004
01_knn,Distancia,KNN Regressor,0.5,0.7,-0.19999999999999996
01_knn,Distancia,KNN Regressor,10.0,6.9,3.0999999999999996
01_knn,Distancia,KNN Regressor,1.0,1.6,-0.6000000000000001
01_knn,Distancia,KNN Regressor,13.5,27.7,-14.2
01_knn,Distancia,KNN Regressor,0.5,1.2,-0.7
01_knn,Distancia,KNN Regressor,0.5,0.6,-0.09999999999999998
01_knn,Distancia,KNN Regressor,1.0,2.4,-1.4
01_knn,Distancia,KNN Regressor,28.0,18.8,9.2
01_knn,Distancia,KNN Regressor,3.5,3.8,-0.2999999999999998
01_knn,Distancia,KNN Regressor,0.5,1.0,-0.5
01_knn,Distancia,KNN Regressor,1.0,1.6,-0.6000000000000001
01_knn,Distancia,KNN Regressor,21.5,17.6,3.8999999999999986
01_knn,Distancia,KNN Regressor,13.0,20.8,-7.800000000000001
01_knn,Distancia,KNN Regressor,14.0,17.7,-3.6999999999999993
01_knn,Distancia,KNN Regressor,28.5,16.4,12.100000000000001
01_knn,Distancia,KNN Regressor,0.5,0.7,-0.19999999999999996
01_knn,Distancia,KNN Regressor,1.5,1.2,0.30000000000000004
01_knn,Distancia,KNN Regressor,8.5,12.7,-4.199999999999999
01_knn,Distancia,KNN Regressor,28.0,26.6,1.3999999999999986
01_knn,Distancia,KNN Regressor,8.5,1.7,6.8
01_knn,Distancia,KNN Regressor,2.0,3.3,-1.2999999999999998
01_knn,Distancia,KNN Regressor,0.5,1.1,-0.6000000000000001
01_knn,Distancia,KNN Regressor,19.5,22.4,-2.8999999999999986
01_knn,Distancia,KNN Regressor,1.5,1.1,0.3999999999999999
01_knn,Distancia,KNN Regressor,1.0,1.4,-0.3999999999999999
01_knn,Distancia,KNN Regressor,0.5,0.7,-0.19999999999999996
01_knn,Distancia,KNN Regressor,0.5,0.8,-0.30000000000000004
01_knn,Distancia,KNN Regressor,3.0,1.3,1.7
01_knn,Distancia,KNN Regressor,8.0,3.2,4.8
01_knn,Distancia,KNN Regressor,1.5,1.5,0.0
01_knn,Distancia,KNN Regressor,27.0,23.4,3.6000000000000014
01_knn,Distancia,KNN Regressor,0.5,0.6,-0.09999999999999998
01_knn,Distancia,KNN Regressor,15.0,20.0,-5.0
01_knn,Distancia,KNN Regressor,0.5,0.5,0.0
01_knn,Distancia,KNN Regressor,3.5,12.4,-8.9
01_knn,Distancia,KNN Regressor,2.0,1.5,0.5
01_knn,Distancia,KNN Regressor,43.5,22.2,21.3
01_knn,Distancia,KNN Regressor,1.0,0.7,0.30000000000000004
01_knn,Distancia,KNN Regressor,0.5,0.9,-0.4
01_knn,Distancia,KNN Regressor,0.5,1.0,-0.5
01_knn,Distancia,KNN Regressor,23.0,14.4,8.6
01_knn,Distancia,KNN Regressor,30.5,33.9,-3.3999999999999986
01_knn,Distancia,KNN Regressor,1.5,1.2,0.30000000000000004
01_knn,Distancia,KNN Regressor,1.0,3.3,-2.3
01_knn,Distancia,KNN Regressor,2.5,2.0,0.5
01_knn,Distancia,KNN Regressor,33.5,20.6,12.899999999999999
01_knn,Distancia,KNN Regressor,81.5,18.9,62.6
01_knn,Distancia,KNN Regressor,0.5,0.5,0.0
01_knn,Distancia,KNN Regressor,26.5,23.6,2.8999999999999986
01_knn,Distancia,KNN Regressor,0.5,7.0,-6.5
01_knn,Distancia,KNN Regressor,3.0,3.5,-0.5
01_knn,Distancia,KNN Regressor,7.0,3.9,3.1
01_knn,Distancia,KNN Regressor,0.5,0.5,0.0
01_knn,Distancia,KNN Regressor,1.0,0.7,0.30000000000000004
01_knn,Distancia,KNN Regressor,9.5,9.8,-0.3000000000000007
01_knn,Distancia,KNN Regressor,28.0,11.9,16.1
01_knn,Distancia,KNN Regressor,0.5,0.5,0.0
01_knn,Distancia,KNN Regressor,1.0,2.6,-1.6
01_knn,Distancia,KNN Regressor,1.5,2.0,-0.5
01_knn,Distancia,KNN Regressor,1.5,3.7,-2.2
01_knn,Distancia,KNN Regressor,10.5,25.9,-15.399999999999999
01_knn,Distancia,KNN Regressor,4.5,4.6,-0.09999999999999964
01_knn,Distancia,KNN Regressor,2.5,11.8,-9.3
01_knn,Distancia,KNN Regressor,2.0,3.4,-1.4
01_knn,Distancia,KNN Regressor,0.5,1.2,-0.7
01_knn,Distancia,KNN Regressor,0.5,2.2,-1.7000000000000002
01_knn,Distancia,KNN Regressor,37.5,3.2,34.3
01_knn,Distancia,KNN Regressor,26.0,25.1,0.8999999999999986
01_knn,Distancia,KNN Regressor,0.5,1.8,-1.3
01_knn,Distancia,KNN Regressor,1.0,2.0,-1.0
01_knn,Distancia,KNN Regressor,20.0,24.5,-4.5
01_knn,Distancia,KNN Regressor,0.5,0.5,0.0
01_knn,Distancia,KNN Regressor,1.5,1.9,-0.3999999999999999
01_knn,Distancia,KNN Regressor,30.0,20.8,9.2
01_knn,Distancia,KNN Regressor,0.5,0.7,-0.19999999999999996
01_knn,Distancia,KNN Regressor,2.5,2.9,-0.3999999999999999
01_knn,Distancia,KNN Regressor,4.5,3.8,0.7000000000000002
01_knn,Distancia,KNN Regressor,9.0,18.1,-9.100000000000001
01_knn,Distancia,KNN Regressor,1.5,1.3,0.19999999999999996
01_knn,Distancia,KNN Regressor,1.5,1.5,0.0
01_knn,Distancia,KNN Regressor,1.5,10.9,-9.4
01_knn,Distancia,KNN Regressor,22.0,17.3,4.699999999999999
01_knn,Distancia,KNN Regressor,46.0,47.2,-1.2000000000000028
01_knn,Distancia,KNN Regressor,0.5,0.5,0.0
01_knn,Distancia,KNN Regressor,2.5,3.9,-1.4
01_knn,Distancia,KNN Regressor,29.5,18.3,11.2
01_knn,Distancia,KNN Regressor,164.5,86.1,78.4
01_knn,Distancia,KNN Regressor,39.0,24.0,15.0
01_knn,Distancia,KNN Regressor,1.5,1.0,0.5
01_knn,Distancia,KNN Regressor,7.0,5.1,1.9000000000000004
01_knn,Distancia,KNN Regressor,14.5,17.3,-2.8000000000000007
01_knn,Distancia,KNN Regressor,26.5,10.7,15.8
01_knn,Distancia,KNN Regressor,0.5,6.3,-5.8
01_knn,Distancia,KNN Regressor,0.5,1.5,-1.0
01_knn,Distancia,KNN Regressor,1.0,1.0,0.0
01_knn,Distancia,KNN Regressor,11.0,24.0,-13.0
01_knn,Distancia,KNN Regressor,0.5,0.8,-0.30000000000000004
01_knn,Distancia,KNN Regressor,2.0,3.5,-1.5
01_knn,Distancia,KNN Regressor,0.5,1.6,-1.1
01_knn,Distancia,KNN Regressor,4.0,8.8,-4.800000000000001
01_knn,Distancia,KNN Regressor,12.0,21.4,-9.399999999999999
01_knn,Distancia,KNN Regressor,1.0,1.9,-0.8999999999999999
01_knn,Distancia,KNN Regressor,0.5,0.8,-0.30000000000000004
01_knn,Distancia,KNN Regressor,26.5,18.1,8.399999999999999
01_knn,Distancia,KNN Regressor,1.0,1.9,-0.8999999999999999
01_knn,Distancia,KNN Regressor,1.0,1.1,-0.10000000000000009
01_knn,Distancia,KNN Regressor,1.5,1.3,0.19999999999999996
01_knn,Distancia,KNN Regressor,1.5,18.5,-17.0
01_knn,Distancia,KNN Regressor,1.5,4.6,-3.0999999999999996
01_knn,Distancia,KNN Regressor,1.5,1.7,-0.19999999999999996
01_knn,Distancia,KNN Regressor,3.0,3.0,0.0
01_knn,Distancia,KNN Regressor,13.5,19.8,-6.300000000000001
01_knn,Distancia,KNN Regressor,2.0,3.5,-1.5
01_knn,Distancia,KNN Regressor,2.5,5.2,-2.7
01_knn,Distancia,KNN Regressor,1.0,2.2,-1.2000000000000002
01_knn,Distancia,KNN Regressor,9.0,11.0,-2.0
01_knn,Distancia,KNN Regressor,5.5,38.7,-33.2
01_knn,Distancia,KNN Regressor,0.5,0.7,-0.19999999999999996
01_knn,Distancia,KNN Regressor,3.5,3.7,-0.20000000000000018
01_knn,Distancia,KNN Regressor,2.5,4.1,-1.5999999999999996
01_knn,Distancia,KNN Regressor,0.5,0.6,-0.09999999999999998
01_knn,Distancia,KNN Regressor,3.0,5.3,-2.3
01_knn,Distancia,KNN Regressor,0.5,0.5,0.0
01_knn,Distancia,KNN Regressor,0.5,0.5,0.0
01_knn,Distancia,KNN Regressor,4.0,1.2,2.8
01_knn,Distancia,KNN Regressor,1.5,3.2,-1.7000000000000002
01_knn,Distancia,KNN Regressor,0.5,1.3,-0.8
01_knn,Distancia,KNN Regressor,3.0,7.7,-4.7
01_knn,Distancia,KNN Regressor,19.0,5.2,13.8
01_knn,Distancia,KNN Regressor,0.5,11.7,-11.2
01_knn,Distancia,KNN Regressor,7.5,0.5,7.0
01_knn,Distancia,KNN Regressor,1.0,1.6,-0.6000000000000001
01_knn,Distancia,KNN Regressor,6.0,4.6,1.4000000000000004
01_knn,Distancia,KNN Regressor,9.0,6.2,2.8
01_knn,Distancia,KNN Regressor,2.5,10.6,-8.1
01_knn,Distancia,KNN Regressor,1.5,1.9,-0.3999999999999999
01_knn,Distancia,KNN Regressor,0.5,1.7,-1.2
01_knn,Distancia,KNN Regressor,879.0,947.0,-68.0
01_knn,Distancia,KNN Regressor,4.5,3.8,0.7000000000000002
01_knn,Distancia,KNN Regressor,9.0,6.3,2.7
01_knn,Distancia,KNN Regressor,0.5,0.5,0.0
01_knn,Distancia,KNN Regressor,30.0,22.2,7.800000000000001
01_knn,Distancia,KNN Regressor,3.5,0.9,2.6
01_knn,Distancia,KNN Regressor,3.5,18.0,-14.5
01_knn,Distancia,KNN Regressor,0.5,0.5,0.0
01_knn,Distancia,KNN Regressor,142.0,72.5,69.5
01_knn,Distancia,KNN Regressor,12.5,8.6,3.9000000000000004
01_knn,Distancia,KNN Regressor,19.0,31.0,-12.0
01_knn,Distancia,KNN Regressor,37.0,25.6,11.399999999999999
01_knn,Distancia,KNN Regressor,2.0,4.3,-2.3
01_knn,Distancia,KNN Regressor,2.5,2.4,0.10000000000000009
01_knn,Distancia,KNN Regressor,18.5,13.6,4.9
01_knn,Distancia,KNN Regressor,5.0,6.4,-1.4000000000000004
01_knn,Distancia,KNN Regressor,0.5,1.6,-1.1
01_knn,Distancia,KNN Regressor,5.0,2.1,2.9
01_knn,Distancia,KNN Regressor,1.0,0.7,0.30000000000000004
01_knn,Distancia,KNN Regressor,4.0,1.1,2.9
01_knn,Distancia,KNN Regressor,1.5,2.8,-1.2999999999999998
01_knn,Distancia,KNN Regressor,3.0,15.8,-12.8
01_knn,Distancia,KNN Regressor,6.0,27.1,-21.1
01_knn,Distancia,KNN Regressor,23.0,37.0,-14.0
01_knn,Distancia,KNN Regressor,4.0,2.5,1.5
01_knn,Distancia,KNN Regressor,2.5,3.9,-1.4
01_knn,Distancia,KNN Regressor,13.0,27.5,-14.5
01_knn,Distancia,KNN Regressor,4.0,1.2,2.8
01_knn,Distancia,KNN Regressor,1.0,0.7,0.30000000000000004
01_knn,Distancia,KNN Regressor,11.0,19.6,-8.600000000000001
01_knn,Distancia,KNN Regressor,9.0,6.9,2.0999999999999996
01_knn,Distancia,KNN Regressor,0.5,1.1,-0.6000000000000001
01_knn,Distancia,KNN Regressor,0.5,1.1,-0.6000000000000001
01_knn,Distancia,KNN Regressor,2.0,2.2,-0.20000000000000018
01_knn,Distancia,KNN Regressor,18.5,20.7,-2.1999999999999993
01_knn,Distancia,KNN Regressor,1.5,0.9,0.6
01_knn,Distancia,KNN Regressor,31.0,19.3,11.7
01_knn,Distancia,KNN Regressor,7.5,8.0,-0.5
01_knn,Distancia,KNN Regressor,2.0,2.7,-0.7000000000000002
01_knn,Distancia,KNN Regressor,1.0,1.3,-0.30000000000000004
01_knn,Distancia,KNN Regressor,30.5,23.1,7.399999999999999
01_knn,Distancia,KNN Regressor,2.5,2.8,-0.2999999999999998
01_knn,Distancia,KNN Regressor,3.5,16.2,-12.7
01_knn,Distancia,KNN Regressor,0.5,0.7,-0.19999999999999996
01_knn,Distancia,KNN Regressor,13.5,2.7,10.8
01_knn,Distancia,KNN Regressor,30.0,19.6,10.399999999999999
01_knn,Distancia,KNN Regressor,25.0,33.7,-8.700000000000003
01_knn,Distancia,KNN Regressor,0.5,4.8,-4.3
01_knn,Distancia,KNN Regressor,23.5,12.9,10.6
01_knn,Distancia,KNN Regressor,6.5,4.6,1.9000000000000004
01_knn,Distancia,KNN Regressor,24.5,17.0,7.5
01_knn,Distancia,KNN Regressor,8.0,5.6,2.4000000000000004
01_knn,Distancia,KNN Regressor,3.5,1.5,2.0
01_knn,Distancia,KNN Regressor,1.0,0.7,0.30000000000000004
01_knn,Distancia,KNN Regressor,3.0,2.4,0.6000000000000001
01_knn,Distancia,KNN Regressor,27.5,28.5,-1.0
01_knn,Distancia,KNN Regressor,2.5,4.2,-1.7000000000000002
01_knn,Distancia,KNN Regressor,37.5,32.0,5.5
01_knn,Distancia,KNN Regressor,11.5,31.5,-20.0
01_knn,Distancia,KNN Regressor,0.5,0.5,0.0
01_knn,Distancia,KNN Regressor,0.5,0.5,0.0
01_knn,Distancia,KNN Regressor,5.0,15.4,-10.4
01_knn,Distancia,KNN Regressor,9.0,7.8,1.2000000000000002
01_knn,Distancia,KNN Regressor,5.5,5.2,0.2999999999999998
01_knn,Distancia,KNN Regressor,0.5,0.6,-0.09999999999999998
01_knn,Distancia,KNN Regressor,21.5,9.9,11.6
01_knn,Distancia,KNN Regressor,2.5,4.9,-2.4000000000000004
01_knn,Distancia,KNN Regressor,5.5,3.1,2.4
01_knn,Distancia,KNN Regressor,0.5,0.9,-0.4
01_knn,Distancia,KNN Regressor,2.0,2.7,-0.7000000000000002
01_knn,Distancia,KNN Regressor,1.0,4.7,-3.7
01_knn,Distancia,KNN Regressor,1091.0,1685.2,-594.2
01_knn,Distancia,KNN Regressor,2.0,1.6,0.3999999999999999
01_knn,Distancia,KNN Regressor,5.5,2.6,2.9
01_knn,Distancia,KNN Regressor,5.5,10.8,-5.300000000000001
01_knn,Distancia,KNN Regressor,0.5,0.5,0.0
01_knn,Distancia,KNN Regressor,11.0,13.5,-2.5
01_knn,Distancia,KNN Regressor,80.5,19.8,60.7
01_knn,Distancia,KNN Regressor,0.5,4.5,-4.0
01_knn,Distancia,KNN Regressor,25.0,65.2,-40.2
01_knn,Distancia,KNN Regressor,9.5,10.4,-0.9000000000000004
01_knn,Distancia,KNN Regressor,1.0,0.8,0.19999999999999996
01_knn,Distancia,KNN Regressor,12.5,26.2,-13.7
01_knn,Distancia,KNN Regressor,12.0,14.5,-2.5
01_knn,Distancia,KNN Regressor,42.0,33.1,8.899999999999999
01_knn,Distancia,KNN Regressor,3.5,3.8,-0.2999999999999998
01_knn,Distancia,KNN Regressor,51.0,29.8,21.2
01_knn,Distancia,KNN Regressor,5.0,4.2,0.7999999999999998
01_knn,Distancia,KNN Regressor,0.5,0.8,-0.30000000000000004
01_knn,Distancia,KNN Regressor,429.0,366.6,62.39999999999998
01_knn,Distancia,KNN Regressor,8.5,26.5,-18.0
01_knn,Distancia,KNN Regressor,3.0,16.2,-13.2
01_knn,Distancia,KNN Regressor,4.0,23.5,-19.5
01_knn,Distancia,KNN Regressor,1.5,1.1,0.3999999999999999
01_knn,Distancia,KNN Regressor,3.0,0.6,2.4
01_knn,Distancia,KNN Regressor,2.5,2.5,0.0
01_knn,Distancia,KNN Regressor,0.5,1.1,-0.6000000000000001
01_knn,Distancia,KNN Regressor,8.5,2.7,5.8
01_knn,Distancia,KNN Regressor,0.5,4.0,-3.5
01_knn,Distancia,KNN Regressor,1.5,0.9,0.6
01_knn,Distancia,KNN Regressor,1.5,1.1,0.3999999999999999
01_knn,Distancia,KNN Regressor,1.0,1.1,-0.10000000000000009
01_knn,Distancia,KNN Regressor,3.0,15.0,-12.0
01_knn,Distancia,KNN Regressor,0.5,0.5,0.0
01_knn,Distancia,KNN Regressor,17.5,15.7,1.8000000000000007
01_knn,Distancia,KNN Regressor,0.5,0.5,0.0
01_knn,Distancia,KNN Regressor,22.0,18.5,3.5
01_knn,Distancia,KNN Regressor,0.5,1.1,-0.6000000000000001
01_knn,Distancia,KNN Regressor,3.5,1.3,2.2
01_knn,Distancia,KNN Regressor,12.5,8.6,3.9000000000000004
01_knn,Distancia,KNN Regressor,1.0,0.9,0.09999999999999998
01_knn,Distancia,KNN Regressor,0.5,0.6,-0.09999999999999998
01_knn,Distancia,KNN Regressor,130.0,140.6,-10.599999999999994
01_knn,Distancia,KNN Regressor,5.5,3.8,1.7000000000000002
01_knn,Distancia,KNN Regressor,4.5,4.2,0.2999999999999998
01_knn,Distancia,KNN Regressor,2892.0,2019.0,873.0
01_knn,Distancia,KNN Regressor,0.5,1.0,-0.5
01_knn,Distancia,KNN Regressor,11.5,3.4,8.1
01_knn,Distancia,KNN Regressor,0.5,0.5,0.0
01_knn,Distancia,KNN Regressor,30.5,15.5,15.0
01_knn,Distancia,KNN Regressor,1.5,1.1,0.3999999999999999
01_knn,Distancia,KNN Regressor,5.0,6.9,-1.9000000000000004
01_knn,Distancia,KNN Regressor,1.5,1.0,0.5
01_knn,Distancia,KNN Regressor,3.5,15.3,-11.8
01_knn,Distancia,KNN Regressor,186.0,218.2,-32.19999999999999
01_knn,Distancia,KNN Regressor,1.0,1.8,-0.8
01_knn,Distancia,KNN Regressor,11.0,10.0,1.0
01_knn,Distancia,KNN Regressor,0.5,0.5,0.0
01_knn,Distancia,KNN Regressor,13.0,19.1,-6.100000000000001
01_knn,Distancia,KNN Regressor,4.0,25.5,-21.5
01_knn,Distancia,KNN Regressor,27.5,23.1,4.399999999999999
01_knn,Distancia,KNN Regressor,2.0,3.7,-1.7000000000000002
01_knn,Distancia,KNN Regressor,4.0,4.9,-0.9000000000000004
01_knn,Distancia,KNN Regressor,1.0,1.1,-0.10000000000000009
01_knn,Distancia,KNN Regressor,2.5,3.4,-0.8999999999999999
01_knn,Distancia,KNN Regressor,1.0,0.8,0.19999999999999996
01_knn,Distancia,KNN Regressor,27.0,27.1,-0.10000000000000142
01_knn,Distancia,KNN Regressor,1.5,2.2,-0.7000000000000002
01_knn,Distancia,KNN Regressor,3.0,1.2,1.8
01_knn,Distancia,KNN Regressor,0.5,3.7,-3.2
01_knn,Distancia,KNN Regressor,42.5,31.2,11.3
01_knn,Distancia,KNN Regressor,2.0,3.1,-1.1
01_knn,Distancia,KNN Regressor,0.5,3.5,-3.0
01_knn,Distancia,KNN Regressor,4.5,5.6,-1.0999999999999996
01_knn,Distancia,KNN Regressor,9.0,20.8,-11.8
01_knn,Distancia,KNN Regressor,0.5,0.5,0.0
01_knn,Distancia,KNN Regressor,0.5,13.1,-12.6
01_knn,Distancia,KNN Regressor,5.0,13.6,-8.6
01_knn,Distancia,KNN Regressor,0.5,0.5,0.0
01_knn,Distancia,KNN Regressor,13.0,9.1,3.9000000000000004
01_knn,Distancia,KNN Regressor,1.0,4.2,-3.2
01_knn,Distancia,KNN Regressor,0.5,0.5,0.0
01_knn,Distancia,KNN Regressor,9.5,8.4,1.0999999999999996
01_knn,Distancia,KNN Regressor,22.5,29.5,-7.0
01_knn,Distancia,KNN Regressor,3.0,2.7,0.2999999999999998
01_knn,Distancia,KNN Regressor,3.5,3.9,-0.3999999999999999
01_knn,Distancia,KNN Regressor,1.0,1.0,0.0
01_knn,Distancia,KNN Regressor,2.0,1.6,0.3999999999999999
01_knn,Distancia,KNN Regressor,0.5,0.5,0.0
01_knn,Distancia,KNN Regressor,3.0,3.8,-0.7999999999999998
01_knn,Distancia,KNN Regressor,3.5,5.8,-2.3
01_knn,Distancia,KNN Regressor,13.5,14.4,-0.9000000000000004
01_knn,Distancia,KNN Regressor,22.5,13.8,8.7
01_knn,Distancia,KNN Regressor,1.5,6.8,-5.3
01_knn,Distancia,KNN Regressor,1.0,4.5,-3.5
01_knn,Distancia,KNN Regressor,2.0,1.3,0.7
01_knn,Distancia,KNN Regressor,1.0,0.9,0.09999999999999998
01_knn,Distancia,KNN Regressor,23.5,17.9,5.600000000000001
01_knn,Distancia,KNN Regressor,1.0,1.3,-0.30000000000000004
01_knn,Distancia,KNN Regressor,0.5,0.8,-0.30000000000000004
01_knn,Distancia,KNN Regressor,25.5,20.4,5.100000000000001
01_knn,Distancia,KNN Regressor,26.0,15.1,10.9
01_knn,Distancia,KNN Regressor,0.5,0.8,-0.30000000000000004
01_knn,Distancia,KNN Regressor,25.0,9.1,15.9
01_knn,Distancia,KNN Regressor,8.0,13.2,-5.199999999999999
01_knn,Distancia,KNN Regressor,1.0,1.9,-0.8999999999999999
01_knn,Distancia,KNN Regressor,22.0,14.8,7.199999999999999
01_knn,Distancia,KNN Regressor,1.0,0.8,0.19999999999999996
01_knn,Distancia,KNN Regressor,18.5,18.1,0.3999999999999986
01_knn,Distancia,KNN Regressor,0.5,2.3,-1.7999999999999998
01_knn,Distancia,KNN Regressor,2.0,3.1,-1.1
01_knn,Distancia,KNN Regressor,6.0,1.5,4.5
01_knn,Distancia,KNN Regressor,7.0,16.5,-9.5
01_knn,Distancia,KNN Regressor,0.5,1.8,-1.3
01_knn,Distancia,KNN Regressor,1.0,3.0,-2.0
01_knn,Distancia,KNN Regressor,12.0,7.4,4.6
01_knn,Distancia,KNN Regressor,0.5,0.8,-0.30000000000000004
01_knn,Distancia,KNN Regressor,1.5,0.9,0.6
01_knn,Distancia,KNN Regressor,0.5,3.4,-2.9
01_knn,Distancia,KNN Regressor,0.5,0.8,-0.30000000000000004
01_knn,Distancia,KNN Regressor,2.0,0.9,1.1
01_knn,Distancia,KNN Regressor,6.5,15.1,-8.6
01_knn,Distancia,KNN Regressor,28.0,15.1,12.9
01_knn,Distancia,KNN Regressor,1.0,0.8,0.19999999999999996
01_knn,Distancia,KNN Regressor,13.0,17.1,-4.100000000000001
01_knn,Distancia,KNN Regressor,14.5,36.0,-21.5
01_knn,Distancia,KNN Regressor,0.5,0.5,0.0
01_knn,Distancia,KNN Regressor,43.0,30.7,12.3
01_knn,Distancia,KNN Regressor,9.5,10.4,-0.9000000000000004
01_knn,Distancia,KNN Regressor,14.0,27.1,-13.100000000000001
01_knn,Distancia,KNN Regressor,1.5,2.4,-0.8999999999999999
01_knn,Distancia,KNN Regressor,1.0,1.6,-0.6000000000000001
01_knn,Distancia,KNN Regressor,5.0,3.9,1.1
01_knn,Distancia,KNN Regressor,1.5,3.4,-1.9
01_knn,Distancia,KNN Regressor,1.0,0.7,0.30000000000000004
01_knn,Distancia,KNN Regressor,0.5,0.5,0.0
01_knn,Distancia,KNN Regressor,3.0,3.2,-0.20000000000000018
01_knn,Distancia,KNN Regressor,12.5,4.8,7.7
01_knn,Distancia,KNN Regressor,43.0,14.6,28.4
01_knn,Distancia,KNN Regressor,1.5,1.4,0.10000000000000009
01_knn,Distancia,KNN Regressor,9.5,13.5,-4.0
01_knn,Distancia,KNN Regressor,2.0,1.4,0.6000000000000001
01_knn,Distancia,KNN Regressor,45.0,0.5,44.5
01_knn,Distancia,KNN Regressor,3.5,2.9,0.6000000000000001
01_knn,Distancia,KNN Regressor,2.0,10.0,-8.0
01_knn,Distancia,KNN Regressor,734.0,456.0,278.0
01_knn,Distancia,KNN Regressor,3.5,5.4,-1.9000000000000004
01_knn,Distancia,KNN Regressor,7.0,4.7,2.3
01_knn,Distancia,KNN Regressor,1.0,5.0,-4.0
01_knn,Distancia,KNN Regressor,86.5,123.7,-37.2
01_knn,Distancia,KNN Regressor,0.5,0.8,-0.30000000000000004
01_knn,Distancia,KNN Regressor,0.5,1.5,-1.0
01_knn,Distancia,KNN Regressor,8.0,18.6,-10.600000000000001
01_knn,Distancia,KNN Regressor,0.5,4.7,-4.2
01_knn,Distancia,KNN Regressor,8.5,6.3,2.2
01_knn,Distancia,KNN Regressor,1.5,21.9,-20.4
01_knn,Distancia,KNN Regressor,0.5,4.1,-3.5999999999999996
01_knn,Distancia,KNN Regressor,4.0,1.6,2.4
01_knn,Distancia,KNN Regressor,19.0,2.0,17.0
01_knn,Distancia,KNN Regressor,2.0,0.9,1.1
01_knn,Distancia,KNN Regressor,7.5,1.2,6.3
01_knn,Distancia,KNN Regressor,2.5,4.4,-1.9000000000000004
01_knn,Distancia,KNN Regressor,17.5,10.8,6.699999999999999
01_knn,Distancia,KNN Regressor,2.0,2.4,-0.3999999999999999
01_knn,Distancia,KNN Regressor,4.0,3.5,0.5
01_knn,Distancia,KNN Regressor,8.0,5.4,2.5999999999999996
01_knn,Distancia,KNN Regressor,62.0,12.9,49.1
01_knn,Distancia,KNN Regressor,23.0,28.1,-5.100000000000001
01_knn,Distancia,KNN Regressor,0.5,0.5,0.0
01_knn,Distancia,KNN Regressor,487.0,349.8,137.2
01_knn,Distancia,KNN Regressor,7.0,5.1,1.9000000000000004
01_knn,Distancia,KNN Regressor,10.5,4.2,6.3
01_knn,Distancia,KNN Regressor,50.0,20.3,29.7
01_knn,Distancia,KNN Regressor,81.0,130.4,-49.400000000000006
01_knn,Distancia,KNN Regressor,5.5,6.0,-0.5
01_knn,Distancia,KNN Regressor,0.5,0.5,0.0
01_knn,Distancia,KNN Regressor,5.5,6.4,-0.9000000000000004
01_knn,Distancia,KNN Regressor,0.5,0.5,0.0
01_knn,Distancia,KNN Regressor,13.0,32.8,-19.799999999999997
01_knn,Distancia,KNN Regressor,1.5,2.9,-1.4
01_knn,Distancia,KNN Regressor,5.5,15.1,-9.6
01_knn,Distancia,KNN Regressor,2.0,1.6,0.3999999999999999
01_knn,Distancia,KNN Regressor,3.0,3.1,-0.10000000000000009
01_knn,Distancia,KNN Regressor,0.5,10.9,-10.4
01_knn,Distancia,KNN Regressor,1.0,0.9,0.09999999999999998
01_knn,Distancia,KNN Regressor,1.5,1.5,0.0
01_knn,Distancia,KNN Regressor,2.0,2.0,0.0
01_knn,Distancia,KNN Regressor,0.5,0.5,0.0
01_knn,Distancia,KNN Regressor,0.5,8.8,-8.3
01_knn,Distancia,KNN Regressor,11.5,6.5,5.0
01_knn,Distancia,KNN Regressor,12.5,1.2,11.3
01_knn,Distancia,KNN Regressor,20.0,18.3,1.6999999999999993
01_knn,Distancia,KNN Regressor,22.0,15.7,6.300000000000001
01_knn,Distancia,KNN Regressor,1.0,1.8,-0.8
01_knn,Distancia,KNN Regressor,357.0,365.8,-8.800000000000011
01_knn,Distancia,KNN Regressor,0.5,0.8,-0.30000000000000004
01_knn,Distancia,KNN Regressor,2.0,0.8,1.2
01_knn,Distancia,KNN Regressor,2.0,1.2,0.8
01_knn,Distancia,KNN Regressor,0.5,1.0,-0.5
01_knn,Distancia,KNN Regressor,0.5,0.5,0.0
01_knn,Distancia,KNN Regressor,13.0,8.9,4.1
01_knn,Distancia,KNN Regressor,1.5,2.0,-0.5
01_knn,Distancia,KNN Regressor,1.0,1.0,0.0
01_knn,Distancia,KNN Regressor,0.5,0.6,-0.09999999999999998
01_knn,Distancia,KNN Regressor,11.5,19.3,-7.800000000000001
01_knn,Distancia,KNN Regressor,1.0,14.4,-13.4
01_knn,Distancia,KNN Regressor,6.5,1.4,5.1
01_knn,Distancia,KNN Regressor,0.5,1.2,-0.7
01_knn,Distancia,KNN Regressor,1.5,1.7,-0.19999999999999996
01_knn,Distancia,KNN Regressor,2.5,7.9,-5.4
01_knn,Distancia,KNN Regressor,0.5,0.5,0.0
01_knn,Distancia,KNN Regressor,5.0,1.5,3.5
01_knn,Distancia,KNN Regressor,19.0,21.4,-2.3999999999999986
01_knn,Distancia,KNN Regressor,0.5,1.4,-0.8999999999999999
01_knn,Distancia,KNN Regressor,252.0,311.4,-59.39999999999998
01_knn,Distancia,KNN Regressor,0.5,0.5,0.0
01_knn,Distancia,KNN Regressor,8.5,14.8,-6.300000000000001
01_knn,Distancia,KNN Regressor,806.0,480.8,325.2
01_knn,Distancia,KNN Regressor,1.5,8.4,-6.9
01_knn,Distancia,KNN Regressor,2.0,3.3,-1.2999999999999998
01_knn,Distancia,KNN Regressor,1.0,1.4,-0.3999999999999999
01_knn,Distancia,KNN Regressor,23.0,15.3,7.699999999999999
01_knn,Distancia,KNN Regressor,1.0,1.4,-0.3999999999999999
01_knn,Distancia,KNN Regressor,1.0,1.1,-0.10000000000000009
01_knn,Distancia,KNN Regressor,1.5,1.2,0.30000000000000004
01_knn,Distancia,KNN Regressor,2.0,4.3,-2.3
01_knn,Distancia,KNN Regressor,8.0,15.9,-7.9
01_knn,Distancia,KNN Regressor,1.0,1.2,-0.19999999999999996
01_knn,Distancia,KNN Regressor,22.0,26.7,-4.699999999999999
01_knn,Distancia,KNN Regressor,4.5,3.8,0.7000000000000002
01_knn,Distancia,KNN Regressor,5.0,4.7,0.2999999999999998
01_knn,Distancia,KNN Regressor,0.5,2.1,-1.6
01_knn,Distancia,KNN Regressor,1.0,13.3,-12.3
01_knn,Distancia,KNN Regressor,0.5,1.8,-1.3
01_knn,Distancia,KNN Regressor,6.5,11.2,-4.699999999999999
01_knn,Distancia,KNN Regressor,0.5,0.5,0.0
01_knn,Distancia,KNN Regressor,1.0,1.9,-0.8999999999999999
01_knn,Distancia,KNN Regressor,8.5,4.3,4.2
01_knn,Distancia,KNN Regressor,39.5,48.2,-8.700000000000003
01_knn,Distancia,KNN Regressor,33.5,16.6,16.9
01_knn,Distancia,KNN Regressor,2.0,0.7,1.3
01_knn,Distancia,KNN Regressor,53.0,32.2,20.799999999999997
01_knn,Distancia,KNN Regressor,1.5,11.8,-10.3
01_knn,Distancia,KNN Regressor,24.0,13.9,10.1
01_knn,Distancia,KNN Regressor,0.5,0.5,0.0
01_knn,Distancia,KNN Regressor,1.5,0.7,0.8
01_knn,Distancia,KNN Regressor,11.5,6.1,5.4
01_knn,Distancia,KNN Regressor,2832.0,2018.6,813.4000000000001
01_knn,Distancia,KNN Regressor,4.0,2.8,1.2000000000000002
01_knn,Distancia,KNN Regressor,1.5,1.2,0.30000000000000004
01_knn,Distancia,KNN Regressor,0.5,0.5,0.0
01_knn,Distancia,KNN Regressor,1.0,1.1,-0.10000000000000009
01_knn,Distancia,KNN Regressor,44.5,17.3,27.2
01_knn,Distancia,KNN Regressor,18.5,12.2,6.300000000000001
01_knn,Distancia,KNN Regressor,28.0,9.1,18.9
01_knn,Distancia,KNN Regressor,0.5,1.1,-0.6000000000000001
01_knn,Distancia,KNN Regressor,15.0,15.2,-0.1999999999999993
01_knn,Distancia,KNN Regressor,4.0,4.5,-0.5
01_knn,Distancia,KNN Regressor,1.5,4.7,-3.2
01_knn,Distancia,KNN Regressor,1.0,2.0,-1.0
01_knn,Distancia,KNN Regressor,1.0,1.0,0.0
01_knn,Distancia,KNN Regressor,80.0,94.8,-14.799999999999997
01_knn,Distancia,KNN Regressor,1.5,35.8,-34.3
01_knn,Distancia,KNN Regressor,0.5,0.7,-0.19999999999999996
01_knn,Distancia,KNN Regressor,3.0,2.1,0.8999999999999999
01_knn,Distancia,KNN Regressor,0.5,12.9,-12.4
01_knn,Distancia,KNN Regressor,11.0,16.9,-5.899999999999999
01_knn,Distancia,KNN Regressor,5.5,15.8,-10.3
01_knn,Distancia,KNN Regressor,2.5,1.8,0.7
01_knn,Distancia,KNN Regressor,3.5,0.7,2.8
01_knn,Distancia,KNN Regressor,543.0,361.0,182.0
01_knn,Distancia,KNN Regressor,545.0,404.8,140.2
01_knn,Distancia,KNN Regressor,10.0,11.5,-1.5
01_knn,Distancia,KNN Regressor,21.5,17.0,4.5
01_knn,Distancia,KNN Regressor,0.5,1.6,-1.1
01_knn,Distancia,KNN Regressor,5.5,4.0,1.5
01_knn,Distancia,KNN Regressor,0.5,0.7,-0.19999999999999996
01_knn,Distancia,KNN Regressor,46.0,12.0,34.0
01_knn,Distancia,KNN Regressor,1.5,4.9,-3.4000000000000004
01_knn,Distancia,KNN Regressor,1.0,5.0,-4.0
01_knn,Distancia,KNN Regressor,5.5,11.6,-6.1
01_knn,Distancia,KNN Regressor,11.5,14.7,-3.1999999999999993
01_knn,Distancia,KNN Regressor,6.0,6.6,-0.5999999999999996
01_knn,Distancia,KNN Regressor,1346.0,1450.4,-104.40000000000009
01_knn,Distancia,KNN Regressor,0.5,1.1,-0.6000000000000001
01_knn,Distancia,KNN Regressor,0.5,0.5,0.0
01_knn,Distancia,KNN Regressor,2.0,1.9,0.10000000000000009
01_knn,Distancia,KNN Regressor,0.5,1.0,-0.5
01_knn,Distancia,KNN Regressor,1.5,1.5,0.0
01_knn,Distancia,KNN Regressor,19.5,28.0,-8.5
01_knn,Distancia,KNN Regressor,0.5,1.2,-0.7
01_knn,Distancia,KNN Regressor,1.0,1.2,-0.19999999999999996
01_knn,Distancia,KNN Regressor,19.0,18.9,0.10000000000000142
01_knn,Distancia,KNN Regressor,7.5,5.5,2.0
01_knn,Distancia,KNN Regressor,1.0,2.2,-1.2000000000000002
01_knn,Distancia,KNN Regressor,0.5,2.0,-1.5
01_knn,Distancia,KNN Regressor,0.5,0.6,-0.09999999999999998
01_knn,Distancia,KNN Regressor,1.5,11.7,-10.2
01_knn,Distancia,KNN Regressor,1.0,1.4,-0.3999999999999999
01_knn,Distancia,KNN Regressor,0.5,1.4,-0.8999999999999999
01_knn,Distancia,KNN Regressor,3.5,3.6,-0.10000000000000009
01_knn,Distancia,KNN Regressor,1.5,2.2,-0.7000000000000002
01_knn,Distancia,KNN Regressor,43.5,21.2,22.3
01_knn,Distancia,KNN Regressor,2.0,1.3,0.7
01_knn,Distancia,KNN Regressor,1.5,1.2,0.30000000000000004
01_knn,Distancia,KNN Regressor,1.0,0.7,0.30000000000000004
01_knn,Distancia,KNN Regressor,0.5,0.5,0.0
01_knn,Distancia,KNN Regressor,0.5,0.5,0.0
01_knn,Distancia,KNN Regressor,0.5,0.5,0.0
01_knn,Distancia,KNN Regressor,2.5,9.3,-6.800000000000001
01_knn,Distancia,KNN Regressor,0.5,1.7,-1.2
01_knn,Distancia,KNN Regressor,1.5,2.8,-1.2999999999999998
01_knn,Distancia,KNN Regressor,0.5,0.5,0.0
01_knn,Distancia,KNN Regressor,1.5,1.4,0.10000000000000009
01_knn,Distancia,KNN Regressor,86.5,33.6,52.9
01_knn,Distancia,KNN Regressor,3.5,3.4,0.10000000000000009
01_knn,Distancia,KNN Regressor,20.5,78.8,-58.3
01_knn,Distancia,KNN Regressor,13.5,7.4,6.1
01_knn,Distancia,KNN Regressor,0.5,0.9,-0.4
01_knn,Distancia,KNN Regressor,0.5,0.5,0.0
01_knn,Distancia,KNN Regressor,11.5,12.0,-0.5
01_knn,Distancia,KNN Regressor,3.5,15.0,-11.5
01_knn,Distancia,KNN Regressor,6.5,6.2,0.2999999999999998
01_knn,Distancia,KNN Regressor,0.5,0.8,-0.30000000000000004
01_knn,Distancia,KNN Regressor,3.5,1.8,1.7
01_knn,Distancia,KNN Regressor,0.5,0.5,0.0
