id,name,unit,category_id
ING0001,AÇÚCAR CRISTAL,KG,CAT0001
ING0002,AÇÚCAR DE CONFEITEIRO,KG,CAT0001
ING0003,AÇÚCAR DEMERARA,KG,CAT0001
ING0004,AÇÚCAR GRANULADO,KG,CAT0001
ING0005,AÇÚCAR IMPALPÁVEL,KG,CAT0001
ING0006,AÇÚCAR REFINADO,KG,CAT0001
ING0007,MEL,KG,CAT0001
ING0008,MEL DE AROEIRA,KG,CAT0001
ING0009,XAROPE DE DEMERARA,KG,CAT0001
ING0010,CAFÉ COADO,UND,CAT0002
ING0011,CHÁ VERDE,KG,CAT0002
ING0012,CITRUS MIX,L,CAT0002
ING0013,CONCENTRADO DE CAPIM SANTO,L,CAT0015
ING0014,CORDIAL DE CHÁ VERDE,L,CAT0015
ING0015,ESPRESSO,UND,CAT0002
ING0016,ESSÊNCIA DE BAUNILHA,L,CAT0002
ING0017,EXTRATO DE BAUNILHA,L,CAT0002
ING0018,GELO,KG,CAT0002
ING0019,GUARNIÇÃO CAPIM SANTO E LIMÃO,UND,CAT0002
ING0020,XAROPE DE FRUTAS VERMELHAS E HIBISCO,L,CAT0015
ING0021,XAROPE DE LIMÃO SICILIANO,L,CAT0015
ING0022,XAROPE FERMENTADO DE GENGIBRE,L,CAT0015
ING0023,ÁGUA COM GÁS,UND,CAT0002
ING0024,ÁGUA FILTRADA,L,CAT0002
ING0025,ÁGUA TÔNICA,L,CAT0002
ING0026,BRIGADEIRO MOLE,KG,CAT0003
ING0027,CACAU EM PÓ,KG,CAT0003
ING0028,CHOCOLATE AMARGO,KG,CAT0003
ING0029,CHOCOLATE AMARGO 70%,KG,CAT0003
ING0030,CHOCOLATE BRANCO,KG,CAT0003
ING0031,CHOCOLATE MEIO AMARGO,KG,CAT0003
ING0032,GANACHE DE CHOCOLATE,KG,CAT0015
ING0033,ABACATE,KG,CAT0004
ING0034,BANANA PRATA,KG,CAT0004
ING0035,KIWI,KG,CAT0004
ING0036,LIMÃO SICILIANO,KG,CAT0004
ING0037,MANGA,KG,CAT0004
ING0038,MANGA CONGELADA,KG,CAT0004
ING0039,MAÇÃ VERMELHA,KG,CAT0004
ING0040,MORANGO,KG,CAT0004
ING0041,RASPAS DE LIMÃO,KG,CAT0004
ING0042,RASPAS DE LIMÃO SICILIANO,KG,CAT0004
ING0043,SUMO DE LARANJA,L,CAT0004
ING0044,SUMO DE LIMÃO,L,CAT0004
ING0045,SUMO DE LIMÃO SICILIANO,L,CAT0004
ING0046,SUMO DE LIMÃO TAHITI,L,CAT0004
ING0047,TOMATE CEREJA,KG,CAT0004
ING0048,ABACATE CONGELADO,KG,CAT0005
ING0049,BANANA CONGELADA,KG,CAT0005
ING0050,CRANBERRY SECO,KG,CAT0005
ING0051,DAMASCO SECO,KG,CAT0005
ING0052,FRUTAS CORTADAS,KG,CAT0005
ING0053,HIBISCO SECO,KG,CAT0005
ING0054,MIX DE FRUTAS VERMELHAS,KG,CAT0005
ING0055,MIX DE FRUTAS VERMELHAS CONGELADAS,KG,CAT0005
ING0056,POLPA DE AÇAÍ,KG,CAT0005
ING0057,SALADA DE FRUTAS,UND,CAT0005
ING0058,UVA PASSA BRANCA,KG,CAT0005
ING0059,AMIDO DE MILHO,KG,CAT0006
ING0060,ARROZ PARBOILIZADO,KG,CAT0006
ING0061,AVEIA EM FLOCOS,KG,CAT0006
ING0062,BIFUM,KG,CAT0006
ING0063,ESPAGUETE,KG,CAT0006
ING0064,FARELO DE AVEIA,KG,CAT0006
ING0065,FARINHA DE GRÃO DE BICO,KG,CAT0006
ING0066,FARINHA DE TRIGO,KG,CAT0006
ING0067,FARINHA PANKO,KG,CAT0006
ING0068,FERMENTO BIOLÓGICO SECO,KG,CAT0006
ING0069,FERMENTO QUÍMICO,KG,CAT0006
ING0070,LINGUINE,KG,CAT0006
ING0071,MASSA DE TAPIOCA,KG,CAT0006
ING0072,MASSA PARA PASTEL,KG,CAT0006
ING0073,POLVILHO AZEDO,KG,CAT0006
ING0074,POLVILHO DOCE,KG,CAT0006
ING0075,CHANTILLY,KG,CAT0007
ING0076,CREAM CHEESE,KG,CAT0007
ING0077,CREAM CHEESE AERADO,KG,CAT0015
ING0078,CREME DE LEITE,L,CAT0007
ING0079,CREME DE LEITE FRESCO,L,CAT0007
ING0080,CREME DE RICOTA,KG,CAT0015
ING0081,DOCE DE LEITE,KG,CAT0007
ING0082,FONDUTA DE QUEIJOS,KG,CAT0015
ING0083,GORGONZOLA,KG,CAT0007
ING0084,IOGURTE,KG,CAT0007
ING0085,IOGURTE GREGO,L,CAT0007
ING0086,LEITE CONDENSADO,KG,CAT0007
ING0087,LEITE EM PÓ,KG,CAT0007
ING0088,LEITE INTEGRAL,L,CAT0007
ING0089,MANTEIGA,KG,CAT0007
ING0090,MANTEIGA DE GARRAFA,KG,CAT0007
ING0091,MANTEIGA SEM SAL,KG,CAT0007
ING0092,MUSSARELA,KG,CAT0007
ING0093,PARMESÃO,KG,CAT0007
ING0094,QUEIJO BOURSIN,KG,CAT0007
ING0095,QUEIJO DE COALHO,KG,CAT0007
ING0096,REQUEIJÃO,KG,CAT0007
ING0097,RICOTA,KG,CAT0007
ING0098,ACELGA,KG,CAT0008
ING0099,BATATA DOCE,KG,CAT0008
ING0100,BERINJELA,KG,CAT0008
ING0101,BETERRABA,KG,CAT0008
ING0102,CEBOLA,KG,CAT0008
ING0103,CEBOLA BRANCA,KG,CAT0008
ING0104,CEBOLA ROXA,KG,CAT0008
ING0105,CEBOLINHA,KG,CAT0008
ING0106,CENOURA,KG,CAT0008
ING0107,CENOURA EM FIOS,KG,CAT0008
ING0108,COENTRO,KG,CAT0008
ING0109,COUVE,KG,CAT0008
ING0110,MIX DE COGUMELOS,KG,CAT0008
ING0111,MIX DE FOLHAS,KG,CAT0008
ING0112,PEPINO JAPONÊS,KG,CAT0008
ING0113,REPOLHO BRANCO,KG,CAT0008
ING0114,REPOLHO ROXO,KG,CAT0008
ING0115,REPOLHO ROXO EM FIOS,KG,CAT0008
ING0116,RÚCULA,KG,CAT0008
ING0117,SALSINHA,KG,CAT0008
ING0118,AIOLI DE GERGELIM PRETO,KG,CAT0015
ING0119,AIOLI DE LIMÃO SICILIANO,KG,CAT0015
ING0120,KIMCHI,KG,CAT0015
ING0121,MOLHO BÉCHAMEL,KG,CAT0009
ING0122,MOLHO DE TOMATE ASSADO,KG,CAT0009
ING0123,MOLHO PONZU,KG,CAT0015
ING0124,PESTO DE MANJERICÃO,KG,CAT0009
ING0125,SAKÊ MIRIM,L,CAT0009
ING0126,SHOYU,L,CAT0009
ING0127,TAHINE,KG,CAT0009
ING0128,VINAGRE DE ARROZ,KG,CAT0009
ING0129,AMENDOIM,KG,CAT0010
ING0130,AMENDOIM SEM SAL,KG,CAT0010
ING0131,AMENDOIM TORRADO SEM SAL,KG,CAT0010
ING0132,AMÊNDOAS LAMINADAS,KG,CAT0010
ING0133,CASTANHA DE CAJU,KG,CAT0010
ING0134,CASTANHA DO PARÁ,KG,CAT0010
ING0135,COCO DESIDRATADO EM FITAS,KG,CAT0010
ING0136,GERGELIM BRANCO,KG,CAT0010
ING0137,GERGELIM PRETO,KG,CAT0010
ING0138,GERGELIM PRETO TORRADO,KG,CAT0010
ING0139,MIX DE GERGELIM,KG,CAT0010
ING0140,MIX DE NUTS,KG,CAT0015
ING0141,MIX DE SEMENTES,KG,CAT0015
ING0142,PASTA DE PISTACHE,KG,CAT0010
ING0143,PISTACHE,KG,CAT0010
ING0144,PRALINÉ DE AMENDOIM,KG,CAT0015
ING0145,SEMENTE DE ABÓBORA,KG,CAT0010
ING0146,SEMENTE DE CHIA,KG,CAT0010
ING0147,SEMENTE DE COENTRO,KG,CAT0010
ING0148,SEMENTE DE GIRASSOL,KG,CAT0010
ING0149,SEMENTE DE MOSTARDA,KG,CAT0010
ING0150,APARAS DE FRANGO,KG,CAT0011
ING0151,APARAS DE SALMÃO,KG,CAT0011
ING0152,BACON,KG,CAT0011
ING0153,BATERÁ DE SALMÃO,KG,CAT0015
ING0154,CAMARÃO,KG,CAT0011
ING0155,CHARQUE ACEBOLADA,KG,CAT0015
ING0156,CHARQUE DESFIADA,KG,CAT0011
ING0157,CHATEAUBRIAND DE MIGNON,KG,CAT0011
ING0158,CHICKEN KATSU,UND,CAT0015
ING0159,CLARA DE OVO,UND,CAT0011
ING0160,FILÉ DE PEITO DE FRANGO,KG,CAT0011
ING0161,FRANGO DESFIADO,KG,CAT0011
ING0162,GEMA CURADA,UND,CAT0015
ING0163,OVO,UND,CAT0011
ING0164,PRESUNTO DE PERU,KG,CAT0011
ING0165,PRESUNTO SERRANO,KG,CAT0011
ING0166,SALMÃO DEFUMADO,KG,CAT0011
ING0167,TOFU FIRME,KG,CAT0011
ING0168,APARAS DE PÃO,KG,CAT0012
ING0169,ARROZ PARBOILIZADO COZIDO,KG,CAT0012
ING0170,BANANA BREAD,KG,CAT0015
ING0171,BASE DE BISCOITO,KG,CAT0012
ING0172,BATATA ASSADA,KG,CAT0012
ING0173,BISCOITO CHAMPAGNE,KG,CAT0015
ING0174,BISCOITO MAISENA,KG,CAT0012
ING0175,BISCOITO NEGRESCO,KG,CAT0012
ING0176,BLONDIE,UND,CAT0015
ING0177,BOLINHA DE PÃO DE QUEIJO,UND,CAT0015
ING0178,BOLINHA DE RICOTA MARINADA,UND,CAT0012
ING0179,BOLINHO DE CENOURA,UND,CAT0015
ING0180,BROWNIE,UND,CAT0015
ING0181,CALDA DE CARAMELO,KG,CAT0012
ING0182,CARAMELO,KG,CAT0015
ING0183,CHIPS DE PARMESÃO,KG,CAT0012
ING0184,COLESLAW,KG,CAT0015
ING0185,COXINHA LOW CARB,UND,CAT0015
ING0186,CREME INGLÊS CÍTRICO,KG,CAT0015
ING0187,CRISPY DE COUVE,KG,CAT0015
ING0188,CROISSANT,UND,CAT0012
ING0189,CRUMBLE,KG,CAT0012
ING0190,CUSCUZ,KG,CAT0012
ING0191,EMPANAMENTO MOLHADO,KG,CAT0012
ING0192,EMPANAMENTO SECO,KG,CAT0012
ING0193,FAROFA DE PÃO,KG,CAT0015
ING0194,GELATINA EM PÓ INCOLOR,KG,CAT0012
ING0195,GELATINA EM PÓ SEM SABOR,KG,CAT0012
ING0196,GELEIA DE FRUTAS VERMELHAS,KG,CAT0015
ING0197,GLACÊ DE LARANJA,L,CAT0015
ING0198,GRANOLA,KG,CAT0015
ING0199,GRÃO DE BICO COZIDO,KG,CAT0012
ING0200,HOMMUS DE BETERRABA,KG,CAT0015
ING0201,MASSA PARA COXINHA,KG,CAT0015
ING0202,MERENGUE,KG,CAT0012
ING0203,MIX DE CHIPS,KG,CAT0012
ING0204,MIX DE GRÃOS,KG,CAT0012
ING0205,MIX DE VEGETAIS ESCALFADOS,KG,CAT0012
ING0206,MOUSSE DE LIMÃO SICILIANO,KG,CAT0012
ING0207,NUGGETS DE FRANGO,KG,CAT0012
ING0208,OVERNIGHT OATS,PORÇÃO,CAT0015
ING0209,PANQUECA DE BANANA,UND,CAT0015
ING0210,PARMÊ DE BERINJELA KATSU,UND,CAT0015
ING0211,PARMÊ DE FRANGO KATSU,UND,CAT0012
ING0212,PASTEL DE SALMÃO,UND,CAT0015
ING0213,PICLES DE PEPINO,KG,CAT0015
ING0214,PÃO CIABATTA,UND,CAT0012
ING0215,PÃO DE CAIXA,KG,CAT0012
ING0216,RABANADA,UND,CAT0015
ING0217,SORVETE DE CHOCOLATE,KG,CAT0012
ING0218,SORVETE DE CREME,KG,CAT0012
ING0219,TOMATE CONFIT,KG,CAT0015
ING0220,TORRADINHA DE CIABATTA,KG,CAT0012
ING0221,ALECRIM,KG,CAT0013
ING0222,ALHO,KG,CAT0013
ING0223,CANELA,KG,CAT0013
ING0224,CAPIM SANTO,KG,CAT0013
ING0225,CUMARU,KG,CAT0013
ING0226,FLOR DE SAL,KG,CAT0013
ING0227,GENGIBRE,KG,CAT0013
ING0228,MATCHÁ,KG,CAT0013
ING0229,NOZ MOSCADA,KG,CAT0013
ING0230,PASTA DE ALHO,KG,CAT0013
ING0231,PASTA DE ALHO COM GENGIBRE,KG,CAT0013
ING0232,PASTA DE GOCHUJANG,KG,CAT0013
ING0233,PASTA DE TEMPERO,KG,CAT0013
ING0234,PIMENTA DO REINO,KG,CAT0013
ING0235,PIMENTA SÍRIA,KG,CAT0013
ING0236,PÁPRICA DOCE,KG,CAT0013
ING0237,PÁPRICA PICANTE,KG,CAT0013
ING0238,SAL DE COZINHA,KG,CAT0013
ING0239,ÁCIDO CÍTRICO,KG,CAT0013
ING0240,AZEITE DE OLIVA,L,CAT0014
ING0241,GORDURA DE PALMA,KG,CAT0014
ING0242,ÓLEO DE CANOLA,L,CAT0014
ING0243,ÓLEO DE GERGELIM,L,CAT0014
ING0244,ÓLEO DE SOJA,L,CAT0014
