date,saldo_medio,itens_sobrestoque,itens_substoque,itens_ruptura,consumo_total
2023-01-01,109.4810655737705,34,40,21,206.09000000000003
2023-01-02,114.10057377049179,39,24,15,348.76
2023-01-03,149.2410655737705,31,37,19,756.21
2023-01-04,135.32409836065574,44,27,11,937.76
2023-01-05,101.08893442622951,27,28,10,179.76
2023-01-06,94.62524590163933,33,35,22,339.51
2023-01-07,99.59901639344262,39,34,13,613.6300000000001
2023-01-08,100.94786885245902,25,41,24,519.9599999999999
2023-01-09,98.15893442622952,30,32,15,623.5600000000001
2023-01-10,87.2524180327869,28,38,21,391.23
2023-01-11,135.75418032786888,35,32,21,1035.7099999999998
2023-01-12,100.23840163934426,32,30,13,1078.4399999999998
2023-01-13,132.85114754098362,25,26,12,950.63
2023-01-14,90.65995901639346,30,25,13,1599.94
2023-01-15,100.94307377049181,28,25,13,777.7500000000001
2023-01-16,92.58405737704919,32,37,20,467.93
2023-01-17,93.33168032786885,35,29,14,811.6899999999999
2023-01-18,115.08274590163934,26,36,17,511.5499999999999
2023-01-19,114.88942622950819,33,32,15,1305.69
2023-01-20,102.29651639344262,30,30,9,779.28
2023-01-21,120.20528688524588,36,36,19,698.2599999999999
2023-01-22,106.87163934426229,27,42,23,398.85
2023-01-23,111.05872950819673,28,27,16,1554.1899999999998
2023-01-24,108.78024590163935,31,23,12,1319.04
2023-01-25,111.12110655737703,26,28,10,807.5899999999999
2023-01-26,84.43901639344263,28,35,19,1161.73
2023-01-27,95.98454918032786,33,27,13,1623.3799999999999
2023-01-28,93.19581967213115,30,32,13,1214.6
2023-01-29,79.4413524590164,22,43,21,0.0
2023-01-30,96.47704918032788,29,29,15,1247.15
2023-01-31,121.17426229508196,30,25,11,3605.96
2023-02-01,95.75545081967213,32,40,18,1001.1999999999999
2023-02-02,126.1327049180328,30,21,9,598.8
2023-02-03,87.91,38,31,20,880.66
2023-02-04,100.04061475409837,30,23,10,1652.95
2023-02-05,101.38725409836066,31,28,16,1861.8799999999997
2023-02-06,105.40495901639343,31,28,13,387.42
2023-02-07,103.47295081967214,27,31,11,193.78000000000003
2023-02-08,102.6564344262295,33,31,18,279.58
2023-02-09,142.59118852459017,41,26,12,526.48
2023-02-10,101.00008196721312,26,33,14,723.8299999999999
2023-02-11,102.93475409836064,27,30,13,532.97
2023-02-12,114.57004098360656,33,22,8,256.61
2023-02-13,134.67803278688527,35,29,14,1202.1100000000001
2023-02-14,106.66184426229509,34,27,10,1259.43
2023-02-15,102.33815573770492,30,34,12,1272.29
2023-02-16,95.34368852459016,31,32,12,2125.86
2023-02-17,96.6300819672131,32,35,12,1249.15
2023-02-18,99.05196721311475,26,30,9,1167.89
2023-02-19,104.12704918032787,34,31,18,1013.38
2023-02-20,83.90409836065575,31,38,22,334.48
2023-02-21,101.91889344262295,31,25,14,330.82000000000005
2023-02-22,166.22118852459016,35,31,12,97.93000000000002
2023-02-23,110.10704918032788,23,30,16,158.72000000000003
2023-02-24,111.16872950819672,32,25,12,438.62
2023-02-25,99.82073770491805,35,30,13,297.13
2023-02-26,88.66618852459018,33,38,17,303.87
2023-02-27,108.87483606557376,37,35,18,1774.45
2023-02-28,164.81532786885245,28,30,11,474.86
2023-03-01,103.56479508196722,28,28,8,2100.82
2023-03-02,132.35668032786884,35,35,16,586.48
2023-03-03,107.29831967213116,31,26,12,1355.5500000000002
2023-03-04,89.73274590163935,26,39,16,1727.75
2023-03-05,95.68483606557376,30,32,19,1397.93
2023-03-06,116.32311475409837,36,25,14,635.6200000000001
2023-03-07,121.46946721311475,28,26,10,926.3800000000002
2023-03-08,112.26848360655738,28,31,13,550.54
2023-03-09,108.81430327868853,29,34,13,383.24
2023-03-10,133.20434426229508,32,36,17,1424.37
2023-03-11,102.07143442622952,36,30,11,951.1400000000001
2023-03-12,109.54004098360657,24,26,13,348.05
2023-03-13,128.18737704918033,39,35,14,348.15
2023-03-14,87.44348360655738,25,34,18,442.78
2023-03-15,108.94163934426228,25,26,11,893.03
2023-03-16,111.41319672131148,26,52,19,940.77
2023-03-17,94.91864754098359,26,34,17,1013.1800000000001
2023-03-18,94.2504918032787,26,30,13,617.28
2023-03-19,102.64340163934426,25,36,16,675.12
2023-03-20,115.29918032786885,29,29,16,532.8299999999999
2023-03-21,106.82999999999998,40,22,10,416.0899999999999
2023-03-22,122.84409836065574,31,34,12,440.03
2023-03-23,97.22131147540983,34,35,22,301.9
2023-03-24,106.9127868852459,35,32,16,284.65000000000003
2023-03-25,78.00356557377049,27,37,18,566.98
2023-03-26,124.88065573770493,30,29,13,143.72
2023-03-27,109.79803278688523,30,34,14,858.75
2023-03-28,138.61245901639342,41,32,11,716.3599999999999
2023-03-29,88.7969262295082,27,34,17,816.9199999999998
2023-03-30,97.70069672131147,23,30,12,893.94
2023-03-31,141.05249999999998,35,24,11,943.02
2023-04-01,104.13270491803277,28,31,16,1365.1200000000001
2023-04-02,88.81459016393444,35,25,14,526.75
2023-04-03,160.30188524590164,31,30,15,380.65999999999997
2023-04-04,110.9697131147541,34,32,13,386.7099999999999
2023-04-05,89.64479508196722,38,46,22,110.48
2023-04-06,138.10327868852457,31,33,14,174.76
2023-04-07,131.8977868852459,43,32,13,94.26
2023-04-08,93.87868852459017,23,29,15,206.31
2023-04-09,90.02893442622953,34,35,14,400.33
2023-04-10,86.54577868852459,26,32,12,802.1199999999999
2023-04-11,129.76180327868855,32,39,23,644.3600000000001
2023-04-12,96.58766393442625,29,36,18,1859.96
2023-04-13,95.612131147541,26,31,17,785.8199999999999
2023-04-14,98.93750000000003,32,33,15,2070.7
2023-04-15,105.06102459016394,29,28,10,1092.07
2023-04-16,99.09590163934426,31,28,15,922.8300000000002
2023-04-17,90.73282786885247,18,33,16,642.81
2023-04-18,103.2227049180328,26,33,19,1152.6599999999999
2023-04-19,115.80877049180327,29,25,14,2202.9
2023-04-20,119.53979508196721,35,25,11,646.59
2023-04-21,142.65340163934425,33,31,14,1190.23
2023-04-22,69.86905737704917,27,34,18,1744.18
2023-04-23,127.25340163934428,41,31,15,906.4599999999998
2023-04-24,127.56372950819673,40,36,16,346.3
2023-04-25,127.23233606557376,26,27,17,383.55999999999995
2023-04-26,95.17877049180328,31,38,21,309.81
2023-04-27,145.68590163934425,39,24,10,534.99
2023-04-28,119.06762295081967,30,29,12,612.6000000000001
2023-04-29,127.20618852459016,36,30,19,1344.7800000000002
2023-04-30,111.93360655737705,30,31,13,268.38
2023-05-01,117.38913934426229,30,30,11,243.25
2023-05-02,147.6719262295082,36,28,11,691.3100000000001
2023-05-03,113.82733606557377,29,20,10,851.8700000000001
2023-05-04,121.34254098360657,44,30,17,1281.77
2023-05-05,133.73954918032786,31,33,18,1424.7800000000002
2023-05-06,106.90012295081966,30,36,15,1208.07
2023-05-07,103.88413934426228,32,38,19,1372.6
2023-05-08,108.5195081967213,17,26,11,150.47
2023-05-09,81.95475409836067,40,26,14,374.57
2023-05-10,99.74295081967213,34,35,14,327.49
2023-05-11,113.99278688524589,35,32,16,347.15999999999997
2023-05-12,72.31069672131149,34,41,20,356.57000000000005
2023-05-13,103.70303278688523,31,29,14,1008.39
2023-05-14,112.59987704918034,30,26,13,316.67
2023-05-15,112.02471311475409,38,29,13,276.07
2023-05-16,127.82790983606557,36,23,12,238.74000000000004
2023-05-17,90.21860655737706,25,35,20,712.9100000000001
2023-05-18,128.3514754098361,35,34,17,906.9399999999999
2023-05-19,118.48360655737704,32,32,17,2310.5099999999998
2023-05-20,107.45319672131146,28,28,10,2632.24
2023-05-21,95.71663934426229,31,28,11,588.5699999999999
2023-05-22,102.74877049180328,28,34,11,518.3
2023-05-23,95.10405737704917,30,32,15,294.84
2023-05-24,87.88377049180329,28,34,22,850.06
2023-05-25,105.82172131147541,31,27,17,575.3
2023-05-26,112.58909836065573,34,35,17,756.2
2023-05-27,82.51360655737706,27,30,13,737.6299999999999
2023-05-28,102.22565573770491,28,33,15,601.1600000000001
2023-05-29,123.24692622950819,43,24,10,1124.1599999999999
2023-05-30,103.22102459016392,37,32,15,698.4300000000001
2023-05-31,97.06688524590164,31,29,11,529.45
2023-06-01,125.54569672131149,40,34,11,349.70000000000005
2023-06-02,102.29,31,26,5,478.78000000000003
2023-06-03,88.34180327868853,24,30,16,562.98
2023-06-04,112.07565573770493,34,21,10,492.78
2023-06-05,128.5680737704918,34,39,19,3567.5999999999995
2023-06-06,93.68606557377049,33,33,17,1410.78
2023-06-07,126.94151639344263,37,20,7,2277.58
2023-06-08,101.1068442622951,25,31,9,775.8599999999999
2023-06-09,105.43704918032788,32,40,14,773.22
2023-06-10,98.65454918032786,27,45,24,1099.0
2023-06-11,105.73045081967213,30,30,13,653.0699999999999
2023-06-12,105.50893442622952,30,31,15,1496.58
2023-06-13,92.89754098360658,40,28,12,427.21
2023-06-14,99.11770491803279,35,29,10,989.45
2023-06-15,131.70188524590162,36,29,17,296.0
2023-06-16,110.86213114754099,35,32,14,904.4399999999999
2023-06-17,135.54459016393446,41,26,9,739.97
2023-06-18,109.96237704918033,28,24,9,338.02
2023-06-19,126.1255737704918,32,33,17,882.1699999999998
2023-06-20,155.7947950819672,49,41,18,615.6500000000001
2023-06-21,104.37831967213116,37,34,16,680.44
2023-06-22,114.86909836065573,34,27,12,469.92999999999995
2023-06-23,81.8563524590164,33,31,12,388.55
2023-06-24,116.61594262295083,35,30,13,233.6
2023-06-25,109.40381147540982,39,27,11,700.37
2023-06-26,100.76073770491803,31,31,15,1819.8299999999997
2023-06-27,110.54184426229507,28,33,15,853.17
2023-06-28,91.6877049180328,32,30,15,649.9300000000001
2023-06-29,110.98307377049179,29,31,21,795.6
2023-06-30,107.81032786885247,26,31,17,1621.0900000000001
2023-07-01,82.48393442622951,29,29,15,863.4499999999999
2023-07-02,127.71737704918034,22,26,12,576.6599999999999
2023-07-03,108.77598360655738,28,25,10,1603.8000000000002
2023-07-04,118.78819672131148,30,29,18,1243.9299999999998
2023-07-05,133.1870081967213,25,33,15,2298.5299999999997
2023-07-06,111.14143442622952,24,28,11,1134.72
2023-07-07,108.82954918032789,35,29,14,658.4000000000001
2023-07-08,119.78266393442622,36,34,15,652.3000000000001
2023-07-09,147.81352459016392,39,31,15,2142.77
2023-07-10,80.43934426229508,27,25,12,1351.5400000000002
2023-07-11,90.77946721311477,28,35,19,420.84000000000003
2023-07-12,107.04442622950822,30,37,19,612.25
2023-07-13,87.82762295081969,31,34,16,1274.92
2023-07-14,130.3602049180328,38,31,15,335.59
2023-07-15,120.37327868852456,31,34,15,454.1
2023-07-16,111.90860655737704,46,40,26,536.0500000000001
2023-07-17,106.16381147540984,30,38,14,587.28
2023-07-18,129.29844262295083,34,36,17,678.9300000000001
2023-07-19,85.58602459016394,32,34,16,611.6100000000001
2023-07-20,101.99549180327868,31,35,19,911.4000000000001
2023-07-21,155.7419262295082,34,27,14,1678.8899999999999
2023-07-22,101.3333606557377,27,28,15,652.8299999999999
2023-07-23,99.67069672131149,36,33,19,846.53
2023-07-24,105.10549180327868,37,36,17,0.0
2023-07-25,132.96954918032787,38,21,9,628.04
2023-07-26,132.79979508196723,33,34,11,473.56
2023-07-27,99.84467213114753,31,44,21,303.11
2023-07-28,106.45918032786884,31,36,19,442.14
2023-07-29,122.39983606557377,34,25,10,0.0
2023-07-30,94.27077868852459,28,28,16,1010.82
2023-07-31,77.76299180327871,28,27,18,237.81
2023-08-01,130.2583606557377,33,22,9,361.41999999999996
2023-08-02,99.27430327868852,26,30,17,283.77
2023-08-03,116.74930327868853,33,40,18,522.26
2023-08-04,106.12987704918031,29,25,13,929.1099999999999
2023-08-05,108.11110655737704,30,31,18,603.39
2023-08-06,133.71799180327866,33,29,11,1023.5799999999999
2023-08-07,101.99258196721311,26,31,16,669.8000000000001
2023-08-08,115.86409836065573,41,28,12,695.28
2023-08-09,116.28663934426228,31,37,15,755.8600000000001
2023-08-10,118.95036885245901,33,34,13,1124.8000000000002
2023-08-11,98.10372950819671,28,36,16,981.4300000000001
2023-08-12,117.25323770491804,29,25,12,564.71
2023-08-13,112.66032786885245,33,30,16,617.9
2023-08-14,105.7005737704918,28,37,18,1023.01
2023-08-15,131.7993032786885,34,37,22,2713.1099999999997
2023-08-16,98.82077868852461,42,32,13,2430.88
2023-08-17,91.67618852459016,31,38,22,600.38
2023-08-18,128.2185655737705,36,38,16,980.07
2023-08-19,83.14020491803278,26,36,20,496.41999999999996
2023-08-20,112.86159836065572,32,30,11,626.11
2023-08-21,113.88598360655737,30,23,10,858.72
2023-08-22,117.58577868852458,31,36,13,1528.98
2023-08-23,90.9175,26,37,18,512.6700000000001
2023-08-24,96.29102459016394,33,26,14,369.86
2023-08-25,102.52799180327867,22,37,20,306.42
2023-08-26,109.24237704918032,27,34,19,843.1200000000001
2023-08-27,105.70676229508196,31,30,13,409.76
2023-08-28,102.4139344262295,30,27,12,942.6100000000001
2023-08-29,107.7216393442623,31,38,19,595.69
2023-08-30,98.53840163934427,35,30,19,1219.0700000000002
2023-08-31,133.68081967213115,35,27,13,467.07
2023-09-01,125.85651639344262,29,32,16,532.45
2023-09-02,97.25975409836065,23,27,14,3309.4800000000005
2023-09-03,121.41700819672131,43,32,19,488.27000000000004
2023-09-04,106.63344262295081,32,33,14,413.46000000000004
2023-09-05,93.75360655737705,29,25,11,2922.67
2023-09-06,133.0702868852459,29,26,11,4541.539999999999
2023-09-07,118.20512295081967,23,36,18,215.16000000000003
2023-09-08,108.94590163934424,32,24,10,845.8000000000001
2023-09-09,102.57553278688525,27,36,15,1507.41
2023-09-10,116.41868852459015,33,33,11,2014.7999999999997
2023-09-11,93.98073770491804,27,39,22,315.40000000000003
2023-09-12,128.4530737704918,27,37,20,392.86
2023-09-13,144.68077868852458,37,35,9,726.89
2023-09-14,118.2169262295082,36,27,11,550.6500000000001
2023-09-15,95.59983606557377,26,38,19,496.12
2023-09-16,101.79622950819673,26,32,20,364.05999999999995
2023-09-17,104.34295081967213,32,29,14,309.07000000000005
2023-09-18,112.27495901639342,36,38,18,394.35
2023-09-19,101.09237704918033,34,37,19,534.3199999999999
2023-09-20,134.28504098360654,23,37,15,712.09
2023-09-21,70.21844262295083,28,31,14,543.6200000000001
2023-09-22,146.75049180327866,38,19,5,783.1500000000001
2023-09-23,105.06467213114753,33,31,13,1048.77
2023-09-24,71.15446721311477,24,37,23,604.4300000000001
2023-09-25,92.66495901639345,23,39,15,295.05999999999995
2023-09-26,115.68090163934426,36,36,15,415.38000000000005
2023-09-27,140.68188524590164,33,28,20,349.20000000000005
2023-09-28,100.87024590163935,38,34,17,423.98
2023-09-29,145.45118852459015,31,23,9,463.24
2023-09-30,134.75508196721313,33,43,16,425.03
2023-10-01,107.75209016393441,29,42,23,1214.67
2023-10-02,81.92036885245902,30,23,15,1367.63
2023-10-03,121.16040983606558,37,30,17,864.5
2023-10-04,98.92877049180328,32,34,16,407.97
2023-10-05,142.5234426229508,38,27,11,419.95
2023-10-06,112.65086065573772,31,35,18,0.0
2023-10-07,126.16643442622953,24,38,20,932.77
2023-10-08,77.74479508196723,18,32,15,554.9200000000001
2023-10-09,104.48676229508197,21,26,10,185.24
2023-10-10,106.52758196721311,20,32,17,839.45
2023-10-11,96.78336065573771,25,34,20,441.6
2023-10-12,108.23295081967213,38,24,10,143.26
2023-10-13,113.41331967213114,25,34,15,495.1
2023-10-14,126.96069672131146,32,24,12,682.7199999999999
2023-10-15,110.6520901639344,37,34,19,495.59
2023-10-16,136.43688524590166,33,33,15,1083.06
2023-10-17,138.97053278688523,36,33,18,1295.31
2023-10-18,95.99028688524591,23,44,26,1140.5900000000001
2023-10-19,132.98004098360656,32,33,18,1439.82
2023-10-20,151.05934426229507,38,26,9,2935.28
2023-10-21,108.71795081967211,35,28,14,461.98
2023-10-22,138.72381147540983,44,33,18,849.17
2023-10-23,76.7735655737705,28,32,14,852.1199999999999
2023-10-24,133.3257786885246,39,30,15,749.2099999999999
2023-10-25,111.21053278688522,27,26,17,627.0799999999999
2023-10-26,121.96700819672131,37,28,16,293.25
2023-10-27,118.5433606557377,31,29,13,913.3400000000001
2023-10-28,105.13872950819672,33,27,11,2268.39
2023-10-29,107.31180327868852,23,28,16,436.2899999999999
2023-10-30,103.85725409836064,36,28,11,841.52
2023-10-31,118.44651639344261,25,41,21,569.77
2023-11-01,94.46303278688524,28,34,18,709.97
2023-11-02,133.30700819672128,35,30,14,238.01999999999998
2023-11-03,121.33397540983607,41,37,16,682.98
2023-11-04,102.42303278688524,30,34,16,1661.38
2023-11-05,86.20057377049181,37,31,15,527.76
2023-11-06,123.5343442622951,38,25,13,2726.76
2023-11-07,105.58368852459016,27,38,15,2294.96
2023-11-08,99.52278688524592,34,36,19,1560.17
2023-11-09,106.77668032786886,32,29,15,3053.27
2023-11-10,116.51196721311476,36,19,7,1658.43
2023-11-11,113.04786885245902,33,28,12,2409.8300000000004
2023-11-12,132.82754098360655,36,23,13,905.22
2023-11-13,67.95557377049182,32,32,18,228.37000000000003
2023-11-14,96.06975409836066,44,35,23,175.46
2023-11-15,98.752868852459,24,38,19,135.64000000000001
2023-11-16,99.35639344262295,30,20,8,169.67000000000002
2023-11-17,115.15762295081967,24,34,15,437.90999999999997
2023-11-18,105.43094262295082,42,28,14,201.04999999999998
2023-11-19,105.07815573770492,29,30,16,393.56999999999994
2023-11-20,138.75770491803277,38,33,14,286.25
2023-11-21,141.4465163934426,26,31,12,654.3
2023-11-22,108.94086065573771,27,33,11,411.49
2023-11-23,135.27967213114755,28,34,18,187.67
2023-11-24,75.18413934426229,25,28,17,324.07000000000005
2023-11-25,112.8685655737705,35,28,16,198.27
2023-11-26,100.05004098360656,28,33,19,193.38
2023-11-27,91.18729508196722,29,30,15,2102.75
2023-11-28,110.08790983606559,40,31,20,1461.6000000000001
2023-11-29,111.13204918032787,29,31,15,802.14
2023-11-30,115.8592213114754,25,35,16,513.01
2023-12-01,120.75401639344264,32,23,9,1176.64
2023-12-02,113.7539344262295,32,24,8,646.64
2023-12-03,101.01209016393442,32,33,11,640.31
2023-12-04,101.77172131147542,30,40,17,800.46
2023-12-05,96.87192622950819,33,31,15,1511.33
2023-12-06,123.99479508196723,25,30,16,1179.2199999999998
2023-12-07,117.81991803278687,29,35,14,276.46
2023-12-08,119.64479508196722,35,32,14,381.58000000000004
2023-12-09,120.78704918032786,29,28,12,1067.47
2023-12-10,112.79627049180328,30,31,16,754.0500000000001
2023-12-11,102.67344262295082,25,30,11,1963.34
2023-12-12,99.99795081967211,40,34,16,242.58
2023-12-13,89.10614754098361,29,35,17,558.95
2023-12-14,123.53913934426231,33,26,9,1216.21
2023-12-15,106.11303278688524,40,26,15,564.1600000000001
2023-12-16,107.72766393442625,33,29,13,2060.01
2023-12-17,92.6927049180328,27,45,23,1175.0900000000001
2023-12-18,110.91147540983607,34,31,19,540.02
2023-12-19,113.0129918032787,32,35,13,226.78999999999996
2023-12-20,155.2137704918033,27,30,16,768.75
2023-12-21,108.82381147540984,26,30,15,860.4300000000001
2023-12-22,85.47446721311476,29,37,20,493.31
2023-12-23,113.3988524590164,31,30,13,461.29
2023-12-24,98.93495901639344,27,45,23,494.11999999999995
2023-12-25,116.69545081967215,27,28,12,240.46999999999997
2023-12-26,89.40204918032788,39,38,21,597.04
2023-12-27,113.17180327868851,31,29,11,666.56
2023-12-28,125.77086065573769,31,36,14,867.8299999999999
2023-12-29,85.89655737704919,30,29,19,1450.29
2023-12-30,135.0457786885246,37,27,14,562.63
2023-12-31,85.13959016393441,27,35,16,266.48
2024-01-01,110.14315573770492,33,26,11,2048.1000000000004
2024-01-02,104.17545081967212,31,36,18,1051.0
2024-01-03,104.98315573770492,24,25,11,1153.97
2024-01-04,107.0313524590164,30,36,20,2298.6400000000003
2024-01-05,101.08188524590162,32,37,22,3412.04
2024-01-06,82.85225409836066,37,42,20,2253.5
2024-01-07,119.98991803278689,31,30,14,3048.9700000000003
2024-01-08,110.15397540983605,29,26,11,1100.12
2024-01-09,146.83040983606554,41,29,17,1311.5
2024-01-10,102.84737704918032,31,28,15,1263.88
2024-01-11,121.99434426229507,26,31,16,4944.2699999999995
2024-01-12,115.15704918032787,27,37,19,867.09
2024-01-13,107.15991803278688,29,40,16,685.5699999999999
2024-01-14,136.68061475409837,37,42,20,2421.93
2024-01-15,100.01725409836065,29,43,22,572.74
2024-01-16,119.97393442622952,40,28,13,872.22
2024-01-17,91.95282786885247,25,43,18,1740.2700000000004
2024-01-18,122.97086065573771,36,34,16,315.01
2024-01-19,119.33213114754099,34,26,10,421.48
2024-01-20,101.70225409836065,25,27,10,412.1
2024-01-21,110.5454098360656,30,34,16,426.84999999999997
2024-01-22,102.95709016393444,23,37,17,871.73
2024-01-23,109.29799180327869,22,38,15,706.3899999999999
2024-01-24,88.2084836065574,36,27,13,884.7199999999999
2024-01-25,110.79225409836064,32,30,12,361.81000000000006
2024-01-26,111.54127049180327,37,30,15,168.45999999999998
2024-01-27,117.4756967213115,35,19,5,715.4599999999999
2024-01-28,109.54856557377049,36,33,18,500.01000000000005
2024-01-29,84.81790983606557,34,37,13,828.3700000000001
2024-01-30,139.88110655737708,30,33,16,854.73
2024-01-31,121.35418032786885,29,32,16,557.96
2024-02-01,115.5435655737705,31,28,15,1942.52
2024-02-02,110.70991803278689,27,33,18,1215.73
2024-02-03,113.09549180327869,36,36,21,1577.39
2024-02-04,84.83959016393443,25,31,16,466.53999999999996
2024-02-05,112.22860655737705,36,32,12,411.99
2024-02-06,100.9725,29,36,19,699.84
2024-02-07,90.71483606557378,34,38,25,0.0
2024-02-08,93.29336065573771,33,32,16,341.1
2024-02-09,112.73622950819671,36,33,11,536.81
2024-02-10,104.61979508196723,36,33,15,350.17999999999995
2024-02-11,98.53680327868854,26,38,14,176.14
2024-02-12,90.6794262295082,23,29,15,934.6999999999999
2024-02-13,111.45147540983608,40,32,19,115.24000000000001
2024-02-14,119.98979508196719,37,28,11,310.93000000000006
2024-02-15,144.50045081967212,35,30,12,546.9499999999999
2024-02-16,107.18053278688524,30,25,13,533.06
2024-02-17,101.4770901639344,26,28,13,1301.98
2024-02-18,93.58569672131149,31,33,15,1768.4699999999998
2024-02-19,90.19655737704919,18,30,13,1468.79
2024-02-20,114.39012295081965,35,27,12,1836.4199999999996
2024-02-21,117.13233606557377,42,35,16,2218.42
2024-02-22,111.80377049180328,28,28,9,3321.4500000000003
2024-02-23,137.91881147540985,33,33,11,1682.51
2024-02-24,132.16139344262294,30,38,17,4600.42
2024-02-25,144.19774590163934,34,32,14,1813.6
2024-02-26,125.53512295081967,36,27,16,319.26
2024-02-27,99.08495901639346,29,35,23,519.2
2024-02-28,142.88454918032787,32,31,14,327.97
2024-02-29,125.39737704918032,44,31,12,508.21999999999997
2024-03-01,115.83741803278689,47,28,17,603.69
2024-03-02,99.64860655737706,28,33,15,1381.6000000000001
2024-03-03,127.20815573770493,27,39,17,1230.2199999999998
2024-03-04,123.48934426229508,41,35,16,0.0
2024-03-05,101.98004098360654,29,32,13,1382.7799999999997
2024-03-06,117.99782786885247,37,38,18,370.85
2024-03-07,116.26245901639345,35,30,13,1319.22
2024-03-08,105.22282786885248,34,29,16,1166.42
2024-03-09,124.29745901639343,36,39,20,576.19
2024-03-10,88.06540983606557,24,33,12,1162.93
2024-03-11,108.76827868852459,39,42,21,532.3900000000001
2024-03-12,100.08155737704918,31,39,20,557.57
2024-03-13,108.5652868852459,31,26,14,309.48
2024-03-14,128.67774590163935,37,27,9,582.25
2024-03-15,109.60303278688527,31,29,14,1229.17
2024-03-16,142.2079098360656,38,31,14,802.47
2024-03-17,134.86680327868854,35,23,8,969.6399999999999
2024-03-18,113.30262295081965,32,30,13,969.04
2024-03-19,121.37758196721312,35,27,12,1721.9499999999998
2024-03-20,112.99422131147541,37,25,11,652.5999999999999
2024-03-21,95.24459016393443,32,41,20,450.04
2024-03-22,90.77622950819672,32,28,13,1448.47
2024-03-23,132.2646721311475,27,26,9,1112.13
2024-03-24,114.59766393442624,25,38,18,1593.8799999999999
2024-03-25,125.47233606557377,33,27,12,1650.9700000000003
2024-03-26,119.21545081967214,28,26,12,1525.4899999999998
2024-03-27,80.18192622950819,28,37,19,1603.4900000000002
2024-03-28,123.16479508196721,36,26,15,3346.22
2024-03-29,116.16819672131147,28,26,9,2726.59
2024-03-30,115.03848360655738,29,33,19,1648.4699999999998
2024-03-31,104.26176229508197,25,32,18,1423.79
2024-04-01,106.5104918032787,41,38,15,858.3
2024-04-02,99.50877049180328,36,34,19,230.62
2024-04-03,110.18213114754097,31,28,15,467.79999999999995
2024-04-04,119.58258196721312,31,25,12,443.72999999999996
2024-04-05,135.21827868852458,34,33,12,581.02
2024-04-06,94.92290983606559,33,36,19,372.6
2024-04-07,132.11967213114755,36,33,10,107.13
2024-04-08,130.81782786885245,40,38,14,446.82000000000005
2024-04-09,111.1693442622951,34,46,18,844.1999999999999
2024-04-10,112.3360655737705,28,25,13,966.63
2024-04-11,105.00016393442625,41,31,14,1284.2400000000002
2024-04-12,138.19172131147542,35,31,12,3959.25
2024-04-13,118.18782786885247,32,23,10,2475.4300000000003
2024-04-14,99.07848360655738,36,24,12,709.0
2024-04-15,111.01471311475409,34,31,13,1658.7700000000002
2024-04-16,118.81004098360653,32,33,12,1319.8600000000001
2024-04-17,108.29774590163935,36,32,16,1031.38
2024-04-18,96.98942622950818,27,38,18,1435.83
2024-04-19,130.3340573770492,33,34,16,2097.42
2024-04-20,93.02569672131149,31,31,20,1300.0
2024-04-21,94.68823770491804,29,31,15,1203.22
2024-04-22,103.41897540983605,34,25,13,425.86000000000007
2024-04-23,104.27729508196721,27,34,17,885.8900000000001
2024-04-24,102.10204918032788,34,31,17,3770.3600000000006
2024-04-25,111.0356557377049,32,34,18,941.5300000000001
2024-04-26,74.55377049180329,31,38,18,2115.9900000000002
2024-04-27,130.4408606557377,33,28,13,1305.25
2024-04-28,125.89618852459016,22,43,23,995.8399999999999
2024-04-29,135.6806147540984,51,25,12,337.66999999999996
2024-04-30,108.45065573770492,37,34,13,245.56000000000003
2024-05-01,103.47885245901638,26,36,13,288.09000000000003
2024-05-02,110.37922131147539,30,29,12,805.55
2024-05-03,103.41442622950818,41,30,13,496.12
2024-05-04,101.52426229508197,25,33,21,824.8699999999999
2024-05-05,101.95659836065572,42,37,15,980.8199999999999
2024-05-06,116.47311475409835,30,36,15,885.5699999999999
2024-05-07,108.08979508196721,33,28,11,691.35
2024-05-08,135.1102049180328,27,28,16,1168.1200000000001
2024-05-09,99.04639344262294,32,25,13,709.4200000000001
2024-05-10,150.43991803278686,39,24,9,1627.4100000000003
2024-05-11,105.67110655737704,37,27,13,431.53
2024-05-12,109.34155737704917,31,34,15,859.8599999999999
2024-05-13,100.9275819672131,35,33,14,799.0
2024-05-14,115.06266393442624,29,41,15,922.1
2024-05-15,124.68311475409836,35,26,9,5035.67
2024-05-16,97.34081967213115,32,26,13,4126.49
2024-05-17,93.62282786885247,33,33,15,1954.68
2024-05-18,112.0427868852459,29,32,16,1290.21
2024-05-19,90.29471311475412,34,39,21,474.48
2024-05-20,104.1847131147541,29,34,15,400.51
2024-05-21,131.8744262295082,43,23,8,1293.9499999999998
2024-05-22,141.2985655737705,36,27,12,633.54
2024-05-23,137.8802049180328,35,35,14,311.19
2024-05-24,98.08954918032786,19,35,23,787.49
2024-05-25,108.99323770491803,26,23,9,284.12
2024-05-26,133.04774590163936,39,32,17,382.88
2024-05-27,89.06090163934428,24,37,18,1637.1100000000001
2024-05-28,107.65868852459018,34,25,14,1047.7000000000003
2024-05-29,95.57831967213114,33,35,21,1747.4100000000003
2024-05-30,93.5927868852459,31,28,12,1249.25
2024-05-31,104.14815573770491,32,40,21,1747.35
2024-06-01,114.28668032786884,30,44,21,797.97
2024-06-02,91.88381147540986,20,38,21,1689.1699999999998
2024-06-03,103.9618032786885,40,27,12,1327.57
2024-06-04,85.33479508196723,28,33,16,630.13
2024-06-05,95.21487704918033,42,27,12,464.59000000000003
2024-06-06,87.69381147540985,19,29,13,1633.0800000000002
2024-06-07,87.05331967213115,20,37,18,1020.0600000000001
2024-06-08,84.9605737704918,26,26,10,1789.93
2024-06-09,102.18831967213114,31,34,17,591.1299999999999
2024-06-10,106.12844262295081,25,34,14,3204.51
2024-06-11,91.23745901639346,27,28,14,1944.8899999999999
2024-06-12,92.44282786885248,26,32,16,1765.92
2024-06-13,87.14483606557377,36,33,15,3002.6399999999994
2024-06-14,106.78065573770493,38,33,16,1976.0099999999998
2024-06-15,102.90500000000003,36,36,16,1401.8899999999999
2024-06-16,111.60684426229508,40,34,16,1177.98
2024-06-17,97.33725409836066,34,29,13,754.45
2024-06-18,102.19483606557377,40,30,8,411.15
2024-06-19,85.18622950819673,29,27,14,1462.4399999999998
2024-06-20,87.43594262295083,29,32,13,530.28
2024-06-21,83.9463524590164,28,29,16,1553.1399999999999
2024-06-22,93.777131147541,29,26,11,142.07
2024-06-23,83.06901639344262,27,37,20,364.8
2024-06-24,75.72676229508197,30,37,15,303.14
2024-06-25,125.625,42,29,15,612.37
2024-06-26,84.98827868852459,33,45,20,1750.6
2024-06-27,86.03512295081967,28,38,20,1392.31
2024-06-28,100.09454918032787,26,30,12,1350.7400000000002
2024-06-29,87.76807377049182,20,19,8,1843.44
2024-06-30,85.68065573770492,29,49,22,1367.1
2024-07-01,93.16086065573771,26,33,17,685.8
2024-07-02,92.44377049180328,24,35,14,1229.5300000000002
2024-07-03,80.57606557377049,33,41,22,1236.6100000000001
2024-07-04,92.54131147540983,19,30,16,1378.04
2024-07-05,75.52327868852458,33,36,17,1689.4100000000003
2024-07-06,82.56307377049181,26,34,15,1746.0900000000001
2024-07-07,81.67270491803279,32,33,17,3132.6199999999994
2024-07-08,95.73454918032785,25,36,15,1658.1699999999996
2024-07-09,92.73147540983608,26,26,14,1493.75
2024-07-10,82.34069672131146,29,28,15,928.4300000000001
2024-07-11,89.57000000000001,29,34,16,1147.4900000000002
2024-07-12,86.17131147540985,35,29,11,1336.2399999999998
2024-07-13,113.76073770491801,29,32,12,1617.33
2024-07-14,85.34352459016394,24,33,13,1780.89
2024-07-15,89.4887704918033,27,29,11,1036.04
2024-07-16,92.03877049180328,28,33,15,505.96000000000004
2024-07-17,77.77627049180326,28,36,18,747.94
2024-07-18,91.05774590163935,29,30,11,1152.87
2024-07-19,78.25319672131148,29,37,18,1215.15
2024-07-20,102.04672131147541,29,29,16,928.78
2024-07-21,120.97368852459016,28,29,13,373.74
2024-07-22,85.23471311475411,23,39,16,1196.2800000000002
2024-07-23,84.41504098360656,24,23,10,1290.5100000000002
2024-07-24,104.19762295081966,32,35,21,523.65
2024-07-25,93.06336065573771,31,31,16,890.01
2024-07-26,88.1188524590164,34,35,15,1252.72
2024-07-27,69.44860655737705,21,44,19,772.63
2024-07-28,87.52709016393443,31,28,13,822.8199999999999
2024-07-29,84.05065573770491,23,37,20,126.94999999999999
2024-07-30,94.29217213114754,31,31,13,942.2799999999999
2024-07-31,103.99704918032786,33,30,15,931.72
2024-08-01,93.4343442622951,29,28,11,522.4100000000001
2024-08-02,90.60311475409837,28,34,20,0.0
2024-08-03,108.6511475409836,33,37,17,223.31000000000003
2024-08-04,90.04262295081968,22,32,16,244.17000000000002
2024-08-05,93.9516393442623,34,25,13,1764.5199999999998
2024-08-06,85.88233606557377,29,27,11,944.33
2024-08-07,96.12315573770493,23,31,20,2706.87
2024-08-08,87.32897540983606,40,32,17,5251.96
2024-08-09,91.78565573770494,21,34,20,1018.6800000000001
2024-08-10,85.66709016393443,26,39,20,1473.0299999999997
2024-08-11,94.67778688524592,26,29,12,1673.0799999999997
2024-08-12,87.49168032786886,26,27,15,1532.5
2024-08-13,108.2162704918033,34,35,19,415.13
2024-08-14,80.85426229508198,29,36,18,812.1999999999999
2024-08-15,89.61528688524591,24,45,23,2269.4700000000003
2024-08-16,107.26368852459018,28,37,17,307.11
2024-08-17,72.84905737704919,29,36,12,452.64
2024-08-18,114.16909836065574,43,27,14,636.32
2024-08-19,91.95717213114756,25,30,10,518.51
2024-08-20,83.63184426229509,29,38,19,1317.9
2024-08-21,114.29717213114753,30,37,17,757.0899999999999
2024-08-22,82.21852459016394,29,33,12,451.30999999999995
2024-08-23,76.17241803278688,24,33,18,1307.8
2024-08-24,101.2922131147541,43,33,17,702.8300000000002
2024-08-25,84.27840163934427,28,34,15,1277.7900000000002
2024-08-26,77.8468442622951,24,34,18,676.94
2024-08-27,82.43594262295083,23,31,14,626.97
2024-08-28,84.08836065573772,24,26,12,1229.45
2024-08-29,107.86135245901639,28,31,16,1598.9700000000003
2024-08-30,109.88971311475409,31,33,12,1513.96
2024-08-31,87.74647540983608,30,34,13,630.5799999999999
2024-09-01,70.89286885245902,30,42,16,1181.94
2024-09-02,121.72745901639345,36,29,13,253.15000000000003
2024-09-03,72.39262295081969,30,38,19,466.78
2024-09-04,104.62028688524589,27,35,18,191.03
2024-09-05,74.29819672131148,29,31,13,471.14000000000004
2024-09-06,88.35020491803279,32,33,16,534.36
2024-09-07,95.15131147540983,28,38,17,147.20999999999998
2024-09-08,81.0344262295082,36,33,12,533.16
2024-09-09,101.94950819672131,25,31,22,991.99
2024-09-10,98.77487704918033,29,31,12,898.72
2024-09-11,77.4725,27,37,24,1990.0300000000002
2024-09-12,85.04893442622952,25,30,13,957.99
2024-09-13,100.63901639344263,36,32,16,1181.83
2024-09-14,83.67081967213115,31,25,14,1925.4699999999998
2024-09-15,95.39987704918033,23,35,13,808.37
2024-09-16,109.25741803278687,37,32,14,1777.0899999999997
2024-09-17,84.31983606557377,29,32,12,945.93
2024-09-18,91.6879918032787,30,35,14,1204.05
2024-09-19,82.61610655737705,33,29,12,2651.67
2024-09-20,120.00331967213114,27,29,11,904.07
2024-09-21,93.36532786885246,39,27,16,553.98
2024-09-22,95.06573770491804,30,37,16,3051.1299999999997
2024-09-23,113.15704918032787,31,35,15,3800.2099999999996
2024-09-24,98.65004098360656,30,25,7,1019.5100000000001
2024-09-25,88.04295081967214,25,33,16,333.05999999999995
2024-09-26,90.29155737704917,29,25,13,883.78
2024-09-27,100.26815573770492,32,23,7,1147.54
2024-09-28,88.22561475409837,22,32,17,1384.7800000000002
2024-09-29,83.80004098360656,30,27,12,613.0300000000002
2024-09-30,91.4993442622951,28,31,16,605.4300000000001
2024-10-01,73.4225,28,40,19,774.3799999999999
2024-10-02,91.93672131147542,42,30,12,307.03999999999996
2024-10-03,88.16524590163934,29,37,18,946.71
2024-10-04,130.80295081967213,39,24,14,2490.99
2024-10-05,93.11831967213115,26,25,11,1064.0
2024-10-06,75.36741803278689,26,38,17,670.1800000000001
2024-10-07,121.61045081967214,36,29,14,1189.73
2024-10-08,88.0907786885246,24,33,19,1557.0700000000002
2024-10-09,85.65836065573771,41,31,15,562.8800000000001
2024-10-10,116.14512295081968,35,33,15,1233.5500000000002
2024-10-11,84.00991803278689,35,34,18,1300.63
2024-10-12,94.85180327868852,28,28,10,2314.6299999999997
2024-10-13,85.6582786885246,24,29,12,1095.1
2024-10-14,86.77811475409837,31,30,15,4385.39
2024-10-15,85.15139344262296,29,35,17,934.71
2024-10-16,81.11413934426228,27,35,13,2574.2200000000003
2024-10-17,94.03110655737706,33,28,14,0.0
2024-10-18,86.32561475409837,27,31,16,1429.8600000000001
2024-10-19,91.23422131147541,37,35,12,2778.59
2024-10-20,89.3032786885246,30,32,11,3071.29
2024-10-21,97.55397540983607,35,33,11,544.7700000000001
2024-10-22,80.55979508196721,25,27,15,269.4
2024-10-23,116.97922131147543,31,30,14,525.96
2024-10-24,116.73409836065575,30,31,18,379.49
2024-10-25,88.26831967213116,29,38,13,564.76
2024-10-26,118.46926229508198,27,26,11,731.73
2024-10-27,87.67983606557378,28,19,10,231.98000000000002
2024-10-28,84.55844262295082,24,27,16,316.81
2024-10-29,101.17790983606557,32,31,17,1033.6299999999999
2024-10-30,89.78709016393444,24,26,16,589.94
2024-10-31,80.94098360655738,24,35,20,213.26000000000002
2024-11-01,82.77930327868853,35,29,13,980.2299999999999
2024-11-02,88.81508196721312,27,30,14,320.13
2024-11-03,87.30733606557376,30,33,16,268.36
2024-11-04,110.94061475409836,38,21,10,659.5899999999999
2024-11-05,83.75918032786886,29,23,12,1735.8999999999999
2024-11-06,102.8407786885246,27,30,13,1259.54
2024-11-07,104.17336065573771,27,28,14,4219.4
2024-11-08,87.49610655737706,40,33,16,1416.88
2024-11-09,88.66561475409837,29,24,8,1658.2899999999997
2024-11-10,86.06688524590164,33,29,10,671.51
2024-11-11,79.70807377049182,23,29,15,1184.0
2024-11-12,102.72245901639344,25,33,16,1057.4
2024-11-13,78.99450819672133,29,33,17,1980.2099999999998
2024-11-14,107.36340163934426,28,24,14,676.42
2024-11-15,88.67573770491803,23,38,19,482.13
2024-11-16,94.78381147540983,38,32,15,998.6800000000001
2024-11-17,83.86516393442622,31,31,14,1275.15
2024-11-18,91.31254098360657,26,28,12,2204.5200000000004
2024-11-19,88.70700819672132,30,39,15,547.73
2024-11-20,100.99360655737706,23,29,15,725.37
2024-11-21,86.93319672131148,32,25,14,1227.48
2024-11-22,88.0277868852459,30,31,17,1047.37
2024-11-23,94.1561475409836,36,34,14,2217.2200000000003
2024-11-24,84.62061475409836,35,32,14,258.92
2024-11-25,84.5654918032787,28,27,11,940.05
2024-11-26,83.59700819672132,24,34,18,1094.94
2024-11-27,114.22512295081967,36,29,14,376.14
2024-11-28,89.90573770491804,22,30,12,1173.69
2024-11-29,111.51254098360656,26,30,11,1179.6999999999998
2024-11-30,86.33487704918034,23,40,18,1627.81
2024-12-01,114.23180327868853,41,35,14,2231.21
2024-12-02,94.10225409836065,27,36,20,535.0799999999999
2024-12-03,136.24983606557376,32,22,5,483.12
2024-12-04,119.29336065573769,33,32,12,908.89
2024-12-05,101.82463114754098,32,38,17,1625.6799999999998
2024-12-06,98.57815573770493,31,32,16,568.3499999999999
2024-12-07,94.82959016393441,36,40,21,701.0200000000001
2024-12-08,85.41713114754099,29,40,12,493.47
2024-12-09,120.69254098360656,37,23,11,718.11
2024-12-10,111.64524590163936,22,33,18,987.94
2024-12-11,88.93508196721312,35,29,11,961.98
2024-12-12,89.98520491803278,35,28,16,1276.08
2024-12-13,92.87008196721311,27,27,10,618.89
2024-12-14,93.85508196721311,25,37,16,1283.95
2024-12-15,127.8360655737705,30,30,13,700.45
2024-12-16,133.52426229508197,26,29,17,1287.1000000000001
2024-12-17,88.81159836065575,28,32,17,899.3600000000001
2024-12-18,109.42491803278689,31,35,11,2683.2000000000003
2024-12-19,106.85053278688525,27,30,11,1873.7999999999997
2024-12-20,99.53868852459017,31,33,15,933.55
2024-12-21,113.79245901639345,32,32,14,2730.9900000000002
2024-12-22,108.01934426229509,37,24,11,3619.83
2024-12-23,136.91622950819672,36,30,14,186.40999999999997
2024-12-24,170.6970081967213,37,32,11,332.67
2024-12-25,86.6957786885246,30,36,24,277.38
2024-12-26,103.20315573770492,36,24,11,1328.69
2024-12-27,84.80040983606558,30,26,18,809.14
2024-12-28,104.97610655737704,33,27,12,1026.38
2024-12-29,142.19356557377048,32,25,9,237.04999999999998
2024-12-30,110.97610655737705,30,28,12,360.75000000000006
2024-12-31,109.46713114754098,25,34,15,663.19
2025-01-01,112.71733606557378,35,37,18,547.6600000000001
2025-01-02,130.03938524590166,37,34,17,1016.4399999999999
2025-01-03,100.9655737704918,38,36,18,672.25
2025-01-04,132.35938524590165,39,39,16,806.46
2025-01-05,114.0459836065574,29,42,21,524.84
2025-01-06,96.11094262295082,32,39,23,1746.7
2025-01-07,114.37663934426229,41,28,9,1106.6299999999999
2025-01-08,128.88454918032787,35,33,15,292.04
2025-01-09,99.45122950819672,34,37,20,469.13
2025-01-10,111.73733606557379,35,25,13,2546.21
2025-01-11,87.76258196721311,32,30,10,2494.32
2025-01-12,106.74200819672129,40,29,12,626.33
2025-01-13,115.43352459016393,24,25,11,322.38
2025-01-14,106.78065573770492,33,39,21,947.95
2025-01-15,114.8427868852459,38,41,22,1944.99
2025-01-16,108.49155737704916,32,24,9,3186.9800000000005
2025-01-17,124.95434426229508,37,31,15,1609.92
2025-01-18,113.89401639344263,42,36,16,1369.9499999999998
2025-01-19,111.55499999999999,30,30,15,528.3499999999999
2025-01-20,105.70413934426229,26,29,12,504.88
2025-01-21,87.62713114754101,27,26,13,608.61
2025-01-22,129.6195081967213,35,30,9,444.68
2025-01-23,123.54065573770491,33,34,15,2508.7300000000005
2025-01-24,114.5644262295082,27,32,13,2421.19
2025-01-25,102.9380737704918,30,27,12,1588.92
2025-01-26,132.91393442622953,28,31,12,436.11999999999995
2025-01-27,120.79885245901639,38,31,13,814.8100000000002
2025-01-28,100.0341393442623,33,31,12,842.5799999999999
2025-01-29,104.9072131147541,35,35,19,554.33
2025-01-30,97.9329918032787,35,24,12,1151.35
2025-01-31,149.3439344262295,34,34,14,1006.6800000000001
2025-02-01,112.49860655737703,24,37,19,904.1499999999999
2025-02-02,90.65131147540983,36,38,13,489.94
2025-02-03,109.05860655737705,37,29,12,1738.9500000000003
2025-02-04,110.94327868852457,21,30,12,599.08
2025-02-05,94.70057377049181,29,35,18,1594.3
2025-02-06,96.3808606557377,41,32,15,1136.05
2025-02-07,93.15631147540985,35,34,13,1062.33
2025-02-08,100.45040983606557,26,32,20,4680.41
2025-02-09,81.80831967213116,22,34,15,3006.89
2025-02-10,132.157868852459,25,28,10,1288.71
2025-02-11,95.97454918032786,28,30,12,697.08
2025-02-12,118.05598360655738,40,35,15,1573.0300000000002
2025-02-13,112.21848360655737,22,38,21,691.28
2025-02-14,98.8527868852459,33,38,22,1011.62
2025-02-15,117.14815573770493,31,22,9,311.82
2025-02-16,138.13700819672133,23,45,20,713.0
2025-02-17,121.11614754098359,32,37,13,420.82
2025-02-18,115.87762295081967,35,28,16,234.11
2025-02-19,125.30286885245901,34,30,12,413.81
2025-02-20,133.04147540983604,34,31,20,486.04
2025-02-21,120.11237704918032,31,35,18,1236.85
2025-02-22,111.61184426229508,34,30,16,976.9399999999999
2025-02-23,91.45471311475411,34,27,17,485.00000000000006
2025-02-24,105.78340163934425,29,33,10,1098.58
2025-02-25,89.70668032786885,31,26,13,0.0
2025-02-26,131.68618852459016,29,35,21,631.7
2025-02-27,98.45090163934425,35,35,16,591.72
2025-02-28,150.7354508196721,32,39,16,755.9499999999999
2025-03-01,103.33127049180328,32,26,11,1174.32
2025-03-02,118.44110655737704,35,32,14,446.2
2025-03-03,107.7039344262295,24,27,9,554.62
2025-03-04,98.16680327868855,32,32,15,503.41
2025-03-05,101.57139344262296,30,33,16,143.87
2025-03-06,162.74987704918033,40,26,13,520.55
2025-03-07,107.71885245901639,24,30,18,0.0
2025-03-08,115.37155737704919,31,29,16,2189.8900000000003
2025-03-09,109.03737704918034,37,33,14,1742.2800000000002
2025-03-10,105.66147540983607,34,23,13,1005.5799999999999
2025-03-11,126.08598360655736,33,33,14,626.87
2025-03-12,102.13438524590164,29,34,18,671.77
2025-03-13,137.5419262295082,24,33,16,1509.0900000000004
2025-03-14,134.05229508196723,29,30,15,1286.6399999999999
2025-03-15,108.66553278688524,20,34,13,2696.0099999999993
2025-03-16,95.33405737704918,20,33,16,1950.9699999999998
2025-03-17,109.50688524590164,24,35,22,1349.5
2025-03-18,115.93565573770492,35,43,17,690.2600000000001
2025-03-19,112.73733606557377,29,28,14,1226.75
2025-03-20,100.89475409836065,31,30,17,1841.17
2025-03-21,133.16553278688525,40,30,13,1286.5
2025-03-22,97.13479508196721,33,33,15,1519.2
2025-03-23,100.61610655737704,31,33,16,1118.04
2025-03-24,100.36643442622949,30,25,8,278.40000000000003
2025-03-25,79.22491803278689,37,31,15,444.09999999999997
2025-03-26,140.1039344262295,34,28,15,738.05
2025-03-27,73.50565573770493,23,32,20,550.49
2025-03-28,101.64295081967212,38,25,13,858.79
2025-03-29,137.44409836065574,28,22,10,923.0799999999999
2025-03-30,111.1333606557377,34,26,12,349.59000000000003
2025-03-31,117.4361475409836,40,28,12,994.5800000000002
2025-04-01,123.63348360655738,34,34,16,1274.28
2025-04-02,100.02405737704917,31,36,15,381.09000000000003
2025-04-03,127.10991803278688,32,35,13,240.07
2025-04-04,105.82672131147538,28,28,13,387.89
2025-04-05,112.31504098360655,28,34,19,822.6899999999999
2025-04-06,131.99954918032788,32,37,14,594.65
2025-04-07,100.61622950819672,26,33,18,1189.71
2025-04-08,107.35758196721314,34,28,9,2462.5499999999997
2025-04-09,134.4343442622951,31,41,17,306.86
2025-04-10,128.2265163934426,25,36,14,1422.52
2025-04-11,117.7720081967213,31,26,13,4510.76
2025-04-12,135.88635245901642,35,24,10,889.7099999999999
2025-04-13,108.00098360655737,36,26,12,1138.9
2025-04-14,106.53274590163934,29,33,15,544.2
2025-04-15,95.81098360655737,29,32,15,492.92
2025-04-16,101.04110655737706,39,37,16,440.18999999999994
2025-04-17,109.23114754098361,32,29,17,1217.23
2025-04-18,103.1794262295082,24,37,12,1483.59
2025-04-19,94.18319672131148,27,29,16,893.8
2025-04-20,133.31655737704918,34,36,13,1490.45
2025-04-21,112.1824180327869,41,29,15,189.41000000000003
2025-04-22,126.32016393442622,31,40,17,1229.81
2025-04-23,101.66946721311474,31,33,15,444.9100000000001
2025-04-24,119.05122950819673,29,45,14,777.06
2025-04-25,97.99946721311477,33,35,14,946.1400000000001
2025-04-26,109.10684426229507,39,33,14,3592.0
2025-04-27,96.9699180327869,25,36,19,842.45
2025-04-28,94.70754098360655,30,38,19,329.37
2025-04-29,116.27040983606555,26,33,17,926.88
2025-04-30,104.88536885245902,32,37,19,325.72
2025-05-01,112.50081967213114,31,29,14,298.51
2025-05-02,88.95176229508198,42,27,16,1616.31
2025-05-03,124.79024590163934,38,37,19,929.8100000000001
2025-05-04,86.50131147540985,28,27,10,1068.9299999999998
2025-05-05,93.33659836065574,35,44,15,869.31
2025-05-06,91.14495901639346,25,39,17,947.02
2025-05-07,103.19926229508195,21,44,25,1032.8899999999999
2025-05-08,108.28032786885247,23,34,18,276.78
2025-05-09,115.49934426229507,24,35,12,1629.7
2025-05-10,108.14836065573769,28,28,11,690.3800000000001
2025-05-11,96.17090163934425,42,20,12,303.98
2025-05-12,105.64995901639344,28,29,18,816.94
2025-05-13,102.5883606557377,32,24,16,930.3000000000001
2025-05-14,138.00397540983607,40,28,12,689.49
2025-05-15,73.29811475409836,33,35,19,0.0
2025-05-16,118.0404918032787,26,29,14,665.6600000000001
2025-05-17,127.09094262295082,30,28,11,1128.38
2025-05-18,96.24077868852459,43,33,9,765.33
2025-05-19,98.06504098360656,30,42,20,627.02
2025-05-20,72.59053278688525,22,41,18,1162.43
2025-05-21,114.26413934426229,32,32,14,574.87
2025-05-22,131.40774590163934,29,26,7,1400.3999999999999
2025-05-23,104.59495901639346,31,31,17,1242.54
2025-05-24,105.23151639344262,34,40,19,413.53
2025-05-25,105.25471311475411,28,34,19,212.69
2025-05-26,89.89565573770493,24,32,8,1298.98
2025-05-27,131.26561475409838,32,28,16,1447.8000000000002
2025-05-28,107.38725409836064,25,40,17,1430.27
2025-05-29,95.90110655737706,37,30,13,1799.27
2025-05-30,102.64987704918033,30,24,14,2554.4299999999994
2025-05-31,98.18680327868853,19,23,9,3207.3499999999995
2025-06-01,122.11995901639342,31,32,14,1164.8899999999999
2025-06-02,110.57598360655739,26,33,13,231.94
2025-06-03,101.25426229508197,30,27,12,442.45000000000005
2025-06-04,107.41438524590164,23,36,21,669.9100000000001
2025-06-05,143.24790983606556,30,39,17,1260.2799999999997
2025-06-06,85.2116393442623,32,33,13,646.0200000000001
2025-06-07,96.96381147540983,29,40,17,225.54
2025-06-08,93.09024590163936,33,29,14,165.37
2025-06-09,100.13250000000001,33,26,13,1080.16
2025-06-10,141.32557377049181,45,28,14,1188.8100000000002
2025-06-11,99.23069672131147,29,38,19,1538.41
2025-06-12,130.06594262295081,35,27,15,1852.5900000000001
2025-06-13,101.2372131147541,21,38,17,1436.3900000000003
2025-06-14,104.41983606557376,38,25,14,4439.99
2025-06-15,97.00561475409837,32,32,19,1601.5100000000002
2025-06-16,115.5552868852459,29,35,18,541.97
2025-06-17,112.62795081967214,28,31,10,1351.0900000000001
2025-06-18,81.04516393442624,35,32,14,568.7099999999999
2025-06-19,113.91676229508197,40,18,6,1080.0
2025-06-20,115.5522950819672,24,28,17,703.81
2025-06-21,148.92,36,36,20,780.19
2025-06-22,105.55881147540985,47,25,17,1613.5399999999997
2025-06-23,166.94217213114754,34,41,19,703.9
2025-06-24,119.88631147540984,36,37,15,2185.17
2025-06-25,118.02872950819672,29,30,19,960.1799999999998
2025-06-26,104.0247950819672,39,30,14,662.74
2025-06-27,118.43852459016394,29,30,13,1987.39
2025-06-28,105.19516393442622,31,38,14,1060.67
2025-06-29,157.99340163934426,28,28,18,919.5799999999999
2025-06-30,125.31229508196722,38,32,17,816.3600000000001
2025-07-01,113.02303278688524,34,25,13,463.36
2025-07-02,118.06069672131147,29,32,15,214.61999999999998
2025-07-03,112.57918032786885,30,28,12,728.1199999999999
2025-07-04,109.44372950819671,27,28,14,1035.2800000000002
2025-07-05,80.65995901639344,29,37,19,1245.4199999999998
2025-07-06,95.00823770491805,38,38,22,394.95000000000005
2025-07-07,114.85389344262293,35,21,11,1652.48
2025-07-08,83.06991803278689,27,30,11,400.1
2025-07-09,97.48024590163935,30,39,20,962.98
2025-07-10,98.42959016393442,28,26,12,783.8700000000001
2025-07-11,87.63004098360656,23,31,14,1347.31
2025-07-12,137.73319672131146,30,25,12,935.5199999999999
2025-07-13,105.49807377049179,28,35,15,1111.92
2025-07-14,115.36491803278687,29,35,10,2467.88
2025-07-15,88.86307377049181,30,31,15,1157.98
2025-07-16,89.30922131147541,27,39,17,813.51
2025-07-17,86.26504098360655,35,42,14,1236.98
2025-07-18,107.19979508196721,29,34,11,1501.1699999999998
2025-07-19,81.36368852459017,33,29,14,1372.78
2025-07-20,126.75524590163934,29,23,11,1485.8799999999999
2025-07-21,101.62758196721313,36,30,14,1643.8000000000002
2025-07-22,123.37188524590164,35,30,14,2930.92
2025-07-23,99.15856557377049,36,32,17,1061.05
2025-07-24,98.59434426229507,31,38,19,1623.04
2025-07-25,110.71647540983605,33,31,14,602.8
2025-07-26,115.00475409836066,28,29,16,1197.23
2025-07-27,84.58311475409836,29,28,14,1477.85
2025-07-28,98.12065573770491,28,29,18,580.03
2025-07-29,111.2467213114754,34,28,18,475.6000000000001
2025-07-30,118.81184426229508,35,36,16,462.35
2025-07-31,100.74450819672133,29,36,11,369.91
2025-08-01,134.0579918032787,33,35,20,1149.73
2025-08-02,110.16118852459014,35,29,19,695.31
2025-08-03,101.2538524590164,39,28,8,220.70000000000002
2025-08-04,94.20831967213114,22,34,19,1975.63
2025-08-05,124.8650819672131,32,28,16,313.61999999999995
2025-08-06,115.28913934426228,24,41,19,1619.83
2025-08-07,154.5431967213115,43,30,16,172.74
2025-08-08,78.79155737704917,26,39,26,623.85
2025-08-09,107.47553278688524,37,32,14,2274.1000000000004
2025-08-10,115.17745901639344,30,27,11,1201.79
2025-08-11,97.57848360655737,30,40,16,484.96999999999997
2025-08-12,82.61672131147542,31,34,18,587.83
2025-08-13,117.58930327868855,27,30,8,2290.4700000000003
2025-08-14,96.85536885245901,28,32,12,1119.8600000000001
2025-08-15,101.36245901639346,28,29,16,3546.0800000000004
2025-08-16,118.9604918032787,29,41,17,1320.25
2025-08-17,105.80872950819673,18,24,10,1171.11
2025-08-18,110.92098360655739,32,29,12,1015.79
2025-08-19,98.04729508196722,34,31,13,396.50000000000006
2025-08-20,104.91590163934426,32,29,11,284.67
2025-08-21,74.61643442622952,31,36,20,449.7
2025-08-22,101.92737704918032,34,39,16,650.74
2025-08-23,83.85475409836066,26,23,12,305.40000000000003
2025-08-24,134.1484426229508,25,38,20,547.35
2025-08-25,115.93877049180325,35,30,11,476.27000000000004
2025-08-26,109.81954918032787,33,28,12,1414.08
2025-08-27,92.23815573770491,25,33,16,1058.8899999999999
2025-08-28,93.4979918032787,34,35,19,1144.3199999999997
2025-08-29,81.20967213114756,27,24,13,987.78
2025-08-30,89.26245901639345,29,36,15,1383.06
2025-08-31,111.92073770491801,31,31,15,1168.99
2025-09-01,92.20872950819673,37,34,18,453.42
2025-09-02,97.57065573770493,32,30,19,502.91
2025-09-03,144.24934426229507,27,37,19,1819.48
2025-09-04,82.94459016393442,27,39,21,683.33
2025-09-05,132.12840163934428,22,30,12,704.81
2025-09-06,109.01336065573771,33,28,16,1612.1499999999999
2025-09-07,107.51323770491803,28,30,14,541.61
2025-09-08,121.16696721311476,40,33,15,337.51
2025-09-09,126.22336065573771,29,23,8,1097.5
2025-09-10,126.9719262295082,34,31,15,1404.44
2025-09-11,95.16233606557377,26,34,15,1360.6100000000001
2025-09-12,87.70131147540985,30,25,11,1174.1100000000001
2025-09-13,103.6086475409836,24,32,12,647.26
2025-09-14,111.72225409836065,23,29,14,1081.0
2025-09-15,99.55475409836066,37,33,16,820.02
2025-09-16,101.63377049180328,30,24,13,861.8799999999999
2025-09-17,84.6282786885246,33,43,20,1191.26
2025-09-18,141.65557377049183,40,30,15,1757.53
2025-09-19,109.78057377049178,32,39,17,2556.58
2025-09-20,114.91069672131145,30,35,18,1595.9499999999998
2025-09-21,89.14122950819672,29,38,21,661.64
2025-09-22,105.26102459016394,46,26,11,719.1400000000001
2025-09-23,121.03254098360657,39,31,13,1224.6599999999999
2025-09-24,95.339631147541,24,32,17,854.98
2025-09-25,108.5795081967213,37,32,13,844.9600000000002
2025-09-26,88.33090163934426,28,36,19,1667.65
2025-09-27,74.30102459016395,26,49,19,1102.4099999999999
2025-09-28,110.67672131147539,33,35,20,607.8199999999999
2025-09-29,113.09299180327868,33,27,11,0.0
2025-09-30,115.55159836065576,35,32,14,1743.38
2025-10-01,98.89790983606558,28,37,18,1720.04
2025-10-02,111.6212704918033,34,28,12,2208.09
2025-10-03,136.31889344262294,27,26,17,2463.8199999999997
2025-10-04,148.84409836065572,31,35,19,1697.07
2025-10-05,121.35086065573769,36,28,17,2543.8500000000004
2025-10-06,123.72184426229506,32,29,14,1669.94
2025-10-07,125.72303278688524,35,28,10,723.72
2025-10-08,102.86471311475411,31,28,16,3317.58
2025-10-09,129.81233606557376,35,26,10,1224.97
2025-10-10,114.41135245901637,30,26,11,760.97
2025-10-11,119.0040573770492,27,29,16,1391.51
2025-10-12,131.14155737704917,36,33,20,383.32
2025-10-13,134.74073770491802,33,33,12,205.76999999999998
2025-10-14,101.89450819672129,28,35,22,252.84000000000003
2025-10-15,91.64122950819673,36,33,16,239.99
2025-10-16,108.38766393442623,25,35,14,554.6500000000001
2025-10-17,85.82881147540985,29,31,14,515.77
2025-10-18,99.09622950819673,27,30,9,343.37
2025-10-19,124.92122950819672,33,30,14,234.63000000000002
2025-10-20,106.89053278688523,31,26,9,970.7299999999999
2025-10-21,105.69565573770491,26,29,13,154.23999999999998
2025-10-22,127.78405737704918,45,33,18,652.0
2025-10-23,110.42049180327867,29,27,12,202.38000000000002
2025-10-24,111.77135245901638,30,29,12,803.13
2025-10-25,106.69176229508197,27,27,11,1012.0799999999999
2025-10-26,142.78053278688526,29,27,15,1460.3899999999999
2025-10-27,111.99651639344263,30,29,15,1423.57
2025-10-28,108.6772131147541,33,33,22,908.0999999999999
2025-10-29,89.90290983606558,27,34,17,763.8000000000001
2025-10-30,119.77258196721311,30,33,12,1001.98
2025-10-31,100.6961475409836,33,26,9,729.88
2025-11-01,103.2585655737705,33,33,21,897.4000000000001
2025-11-02,118.07795081967211,29,34,19,925.03
2025-11-03,85.11926229508198,26,39,17,188.87
2025-11-04,66.86668032786886,25,32,16,765.7900000000001
2025-11-05,102.69967213114755,28,23,11,676.57
2025-11-06,129.03270491803278,30,30,14,283.63
2025-11-07,111.52651639344263,31,22,9,771.0
2025-11-08,113.14971311475409,26,29,18,1002.53
2025-11-09,94.61114754098362,26,30,13,381.96000000000004
2025-11-10,89.32081967213115,27,42,22,730.98
2025-11-11,109.71344262295082,31,32,14,859.21
2025-11-12,112.8060655737705,35,33,17,671.93
2025-11-13,112.29590163934425,30,37,17,1139.73
2025-11-14,113.34237704918033,38,37,14,827.5200000000001
2025-11-15,115.40586065573771,30,24,7,801.14
2025-11-16,108.85200819672133,32,24,13,470.22
2025-11-17,117.01581967213113,37,29,12,1221.1599999999999
2025-11-18,114.57979508196722,37,31,18,1824.6799999999998
2025-11-19,112.08381147540982,34,33,21,5826.34
2025-11-20,125.18299180327868,38,25,8,463.15
2025-11-21,120.61672131147542,25,28,13,4114.17
2025-11-22,121.24504098360656,28,28,14,2380.2599999999998
2025-11-23,98.90573770491804,29,30,15,1793.09
2025-11-24,106.66036885245902,33,34,15,540.46
2025-11-25,129.9790573770492,30,24,16,850.05
2025-11-26,108.60065573770491,29,27,12,457.9799999999999
2025-11-27,96.59237704918033,23,28,11,1392.3000000000002
2025-11-28,94.65573770491804,28,32,17,494.20000000000005
2025-11-29,113.21159836065574,31,21,10,1228.34
2025-11-30,143.1791393442623,36,27,10,307.43
2025-12-01,110.24971311475407,34,33,14,797.9899999999999
2025-12-02,111.67438524590165,47,34,19,657.7
2025-12-03,111.66618852459014,41,35,15,1251.9900000000002
2025-12-04,115.20061475409837,33,27,14,2126.2700000000004
2025-12-05,127.82389344262295,32,23,9,922.9699999999999
2025-12-06,110.96852459016395,30,36,16,1204.32
2025-12-07,100.87680327868856,31,22,6,428.55
2025-12-08,79.53155737704918,38,31,15,259.32
2025-12-09,90.70782786885248,33,35,13,210.03000000000003
2025-12-10,109.31331967213114,28,28,13,223.57
2025-12-11,120.31659836065573,36,29,14,718.55
2025-12-12,135.2675,21,41,19,1314.77
2025-12-13,102.72594262295081,29,32,16,2934.7299999999996
2025-12-14,104.11590163934426,26,34,10,303.79
2025-12-15,107.98499999999999,24,29,9,1366.1599999999999
2025-12-16,113.7154918032787,23,34,16,993.8900000000002
2025-12-17,90.20881147540986,34,34,18,562.12
2025-12-18,98.24495901639347,30,34,19,951.8599999999999
2025-12-19,123.40577868852458,28,41,20,793.02
2025-12-20,105.14561475409835,24,39,15,756.3700000000001
2025-12-21,105.42307377049178,28,31,12,504.25
2025-12-22,125.88323770491805,21,30,14,688.0200000000001
2025-12-23,122.28750000000001,32,36,17,722.09
2025-12-24,130.86319672131148,35,32,18,2083.9399999999996
2025-12-25,104.8182786885246,30,25,11,636.1100000000001
2025-12-26,98.77864754098361,26,29,16,1264.4
2025-12-27,84.90676229508196,32,33,12,1899.3499999999997
2025-12-28,105.61831967213116,24,25,16,2114.9300000000003
2025-12-29,106.90446721311473,19,25,12,667.01
2025-12-30,138.48811475409838,33,25,13,396.90000000000003
2025-12-31,117.26733606557377,25,31,12,1155.23
2026-01-01,113.72536885245901,28,31,11,641.56
2026-01-02,100.8625,24,28,13,1131.1100000000001
2026-01-03,110.0716393442623,41,30,11,964.6400000000001
2026-01-04,107.04131147540983,32,29,13,1096.5700000000002
2026-01-05,119.43209016393443,31,17,8,2046.56
2026-01-06,82.1054918032787,35,36,18,2116.48
2026-01-07,97.44688524590164,35,38,21,1432.37
2026-01-08,91.54450819672131,34,32,15,1397.6899999999998
2026-01-09,92.75725409836066,32,35,18,420.6
2026-01-10,96.5882786885246,31,23,12,1624.9700000000003
2026-01-11,106.4994262295082,36,30,18,427.07
2026-01-12,90.66266393442622,43,35,15,241.12
2026-01-13,123.7719262295082,26,28,12,782.14
2026-01-14,108.77127049180328,31,31,15,442.96999999999997
2026-01-15,102.16147540983607,35,30,12,909.48
2026-01-16,106.15336065573771,33,28,15,430.04999999999995
2026-01-17,115.87061475409836,30,23,14,250.24
2026-01-18,111.89655737704919,27,27,13,135.89999999999998
2026-01-19,86.52672131147541,28,32,16,2494.13
2026-01-20,108.42840163934426,30,24,12,2398.27
2026-01-21,106.47520491803279,27,28,14,0.0
2026-01-22,114.05487704918032,30,36,22,1280.7200000000003
2026-01-23,109.87418032786883,34,29,14,2619.4
2026-01-24,110.44647540983607,29,38,23,1964.2499999999995
2026-01-25,108.5258606557377,26,43,24,2649.0
2026-01-26,80.63651639344263,29,42,21,1224.75
2026-01-27,118.40024590163934,35,28,14,0.0
2026-01-28,98.2952868852459,34,30,14,1028.6999999999998
2026-01-29,108.5070081967213,26,27,12,1120.42
2026-01-30,97.50016393442624,35,33,14,1016.0
2026-01-31,98.1354918032787,31,30,14,3690.1000000000004
2026-02-01,111.96446721311474,43,32,15,1168.83
2026-02-02,87.90090163934426,32,28,14,391.74
2026-02-03,106.70897540983606,37,31,14,189.7
2026-02-04,75.7256967213115,34,31,15,592.6199999999999
2026-02-05,87.0192213114754,26,26,11,744.3299999999999
2026-02-06,96.30106557377049,25,26,17,1022.2300000000001
2026-02-07,108.33815573770492,35,33,17,2081.7
2026-02-08,134.67868852459017,34,27,13,1078.5800000000002
2026-02-09,134.5212295081967,40,34,17,2155.3599999999997
2026-02-10,97.1791393442623,29,32,13,1203.52
2026-02-11,94.35422131147541,42,34,22,1469.89
2026-02-12,109.38188524590164,31,24,10,1031.03
2026-02-13,126.58295081967212,37,35,16,958.78
2026-02-14,87.64413934426229,37,37,17,3187.39
2026-02-15,124.6819262295082,36,30,11,404.79
2026-02-16,117.60598360655734,33,27,14,19.83
2026-02-17,105.71049180327869,35,30,16,265.48
2026-02-18,109.56909836065572,32,41,24,207.18
2026-02-19,110.14586065573769,34,34,17,476.79
2026-02-20,103.46295081967213,27,43,20,698.19
2026-02-21,108.05290983606557,33,25,8,506.75
2026-02-22,148.32122950819675,47,29,15,502.27
2026-02-23,135.15434426229507,34,27,11,1771.7900000000002
2026-02-24,104.29536885245902,28,34,16,1311.47
2026-02-25,100.04213114754099,30,30,14,3018.7599999999998
2026-02-26,93.11258196721312,33,24,11,1291.98
2026-02-27,105.76856557377049,31,30,12,1359.68
2026-02-28,91.27336065573772,26,29,12,2175.87
2026-03-01,117.04012295081968,27,32,17,1950.3799999999999
2026-03-02,110.45282786885245,25,34,16,1150.9
2026-03-03,120.5475819672131,34,27,18,2445.51
2026-03-04,92.71651639344263,23,31,16,352.03
2026-03-05,131.90172131147543,25,29,15,592.25
2026-03-06,84.2627049180328,24,31,17,493.01000000000005
2026-03-07,132.48725409836067,29,31,11,1411.7999999999997
2026-03-08,75.95700819672132,32,44,21,1047.61
2026-03-09,124.33520491803279,41,35,15,382.04999999999995
2026-03-10,122.01717213114752,36,36,15,809.48
2026-03-11,111.91508196721311,26,30,15,836.6500000000001
2026-03-12,109.38512295081966,41,29,12,3461.1200000000003
2026-03-13,102.08032786885245,35,36,20,3114.27
2026-03-14,98.8722131147541,27,33,18,911.82
2026-03-15,118.8791393442623,31,37,20,896.9199999999998
2026-03-16,108.14397540983606,31,34,16,431.46000000000004
2026-03-17,110.6630737704918,32,31,15,327.28999999999996
2026-03-18,108.5259426229508,29,35,14,737.0
2026-03-19,109.43959016393441,25,41,18,693.7
2026-03-20,105.44233606557377,32,36,19,830.5400000000001
2026-03-21,121.50668032786885,34,24,12,445.7099999999999
2026-03-22,107.96180327868852,39,24,13,634.49
2026-03-23,110.06647540983607,32,31,16,945.1699999999998
2026-03-24,112.22086065573771,30,35,19,1176.69
2026-03-25,99.30922131147543,26,31,14,1317.99
2026-03-26,98.68331967213113,24,33,21,375.83000000000004
2026-03-27,116.17004098360655,40,29,13,2058.58
2026-03-28,113.88303278688524,31,31,13,835.61
2026-03-29,105.03786885245901,26,19,3,923.0
2026-03-30,91.04840163934426,35,35,15,1727.54
2026-03-31,108.64241803278688,37,22,12,576.6800000000001
2026-04-01,100.86803278688525,35,27,19,875.5
2026-04-02,124.79639344262293,30,33,12,1518.06
2026-04-03,119.76532786885247,32,23,11,1243.44
2026-04-04,112.85901639344263,29,28,13,1072.08
2026-04-05,102.18577868852458,26,32,17,2044.4799999999998
2026-04-06,134.71077868852458,38,28,13,1836.1100000000001
2026-04-07,135.81049180327867,26,31,17,911.47
2026-04-08,98.52885245901639,36,39,21,1505.8600000000001
2026-04-09,129.981393442623,32,34,12,3560.189999999999
2026-04-10,113.93311475409836,31,32,10,3265.7400000000002
2026-04-11,99.41233606557377,27,30,11,621.38
2026-04-12,147.53180327868853,40,26,6,410.47
2026-04-13,112.51004098360657,29,32,17,1759.6899999999998
2026-04-14,110.86061475409835,41,35,14,797.44
2026-04-15,88.72446721311476,31,31,13,511.07
2026-04-16,102.7877049180328,24,32,15,1165.5700000000002
2026-04-17,106.86573770491803,35,31,11,1524.0
2026-04-18,110.46610655737706,32,44,21,1362.9299999999998
2026-04-19,122.8597131147541,20,36,23,651.45
2026-04-20,119.11762295081968,42,33,17,510.96000000000004
2026-04-21,118.54397540983605,34,27,13,364.45
2026-04-22,94.54721311475409,33,31,13,504.55999999999995
2026-04-23,88.9619262295082,27,26,8,2864.5499999999997
2026-04-24,123.65893442622951,30,31,16,1363.5900000000001
2026-04-25,100.70204918032786,42,33,17,0.0
2026-04-26,111.48266393442621,43,28,12,505.06000000000006
2026-04-27,102.21307377049179,35,32,15,746.58
2026-04-28,114.11262295081966,30,41,17,697.0
2026-04-29,87.33036885245902,35,31,16,306.19
2026-04-30,103.11159836065573,34,33,14,519.74
2026-05-01,114.84889344262295,35,30,13,172.65000000000003
2026-05-02,150.11200819672132,31,34,12,366.48
2026-05-03,131.28618852459016,34,34,20,336.61
2026-05-04,99.60668032786886,27,35,19,986.49
2026-05-05,105.67491803278689,39,29,9,487.45000000000005
2026-05-06,101.12745901639344,25,32,12,1839.2
2026-05-07,115.6338524590164,35,29,17,633.0699999999999
2026-05-08,90.54319672131147,37,28,19,1312.79
2026-05-09,108.42934426229509,24,23,10,419.43000000000006
2026-05-10,108.13504098360656,28,28,11,685.31
2026-05-11,119.31110655737706,38,28,12,2329.59
2026-05-12,123.74819672131147,30,34,11,1456.23
2026-05-13,124.12819672131147,33,28,18,2070.9
2026-05-14,96.07684426229508,29,34,12,3200.9700000000003
2026-05-15,101.49102459016395,24,40,18,1677.5400000000002
2026-05-16,93.72040983606557,30,32,16,1129.6200000000001
2026-05-17,123.46049180327867,38,33,11,768.56
2026-05-18,128.6652868852459,35,30,14,487.61
2026-05-19,9.28565573770492,78,18,1,355.52
