date,saldo_medio,itens_sobrestoque,itens_substoque,itens_ruptura,consumo_total
2023-01-01,93.34733606557377,29,27,13,329.26
2023-01-02,111.08098360655737,32,24,13,464.74000000000007
2023-01-03,79.4977049180328,31,29,13,917.0699999999999
2023-01-04,90.07877049180328,32,35,9,910.3500000000001
2023-01-05,101.74762295081965,23,32,11,253.38
2023-01-06,109.91008196721309,28,26,14,508.18
2023-01-07,106.72131147540982,32,22,13,998.3
2023-01-08,118.0084426229508,32,36,16,517.58
2023-01-09,110.91327868852457,38,34,14,702.95
2023-01-10,93.39504098360655,35,29,14,365.36
2023-01-11,94.26024590163935,26,33,17,1060.67
2023-01-12,87.78438524590163,36,22,12,1021.75
2023-01-13,94.40602459016392,31,24,5,726.94
2023-01-14,81.16872950819672,29,31,15,1546.94
2023-01-15,97.48266393442624,32,33,15,584.6700000000001
2023-01-16,91.47827868852461,32,33,12,406.37000000000006
2023-01-17,115.5258606557377,31,23,12,1011.1500000000001
2023-01-18,91.14758196721313,30,22,10,570.66
2023-01-19,100.6,30,38,20,1195.46
2023-01-20,100.07549180327868,30,36,17,871.2999999999998
2023-01-21,101.65905737704917,30,36,19,675.54
2023-01-22,104.91176229508197,33,34,16,511.23
2023-01-23,73.08819672131148,26,35,16,1493.5499999999997
2023-01-24,78.2644262295082,29,28,15,881.1999999999999
2023-01-25,104.24471311475408,36,30,13,1066.9
2023-01-26,99.77856557377049,31,28,9,1011.37
2023-01-27,123.6262295081967,31,25,9,1360.6100000000001
2023-01-28,93.17975409836066,31,26,14,1334.1
2023-01-29,92.25225409836065,31,36,17,0.0
2023-01-30,118.43081967213112,33,23,8,1089.4699999999998
2023-01-31,75.32483606557378,29,32,14,2868.4
2023-02-01,68.33278688524591,35,34,16,714.9300000000001
2023-02-02,92.6518442622951,35,40,17,881.9899999999999
2023-02-03,116.72971311475408,28,35,13,763.9100000000001
2023-02-04,88.8266393442623,31,28,16,1479.47
2023-02-05,106.14983606557377,35,28,16,1280.6100000000001
2023-02-06,90.99680327868853,32,34,16,365.3299999999999
2023-02-07,96.2222131147541,24,28,13,301.77
2023-02-08,114.01016393442623,33,34,12,381.36
2023-02-09,140.10516393442617,31,28,16,494.70000000000005
2023-02-10,126.4322950819672,35,37,14,651.6700000000001
2023-02-11,90.06581967213116,30,28,13,585.25
2023-02-12,98.93323770491803,32,24,11,368.86000000000007
2023-02-13,79.50536885245903,33,44,19,962.21
2023-02-14,96.82368852459018,30,34,13,988.67
2023-02-15,90.77803278688525,33,24,10,898.55
2023-02-16,108.37590163934426,24,29,16,1736.08
2023-02-17,124.69631147540984,33,26,11,1590.9799999999998
2023-02-18,88.81975409836066,36,36,18,2260.96
2023-02-19,104.20717213114754,31,42,19,965.1
2023-02-20,85.60209016393442,29,36,20,966.1499999999999
2023-02-21,97.31471311475408,30,38,14,1363.25
2023-02-22,85.82672131147541,20,34,15,379.98
2023-02-23,93.51774590163933,34,33,16,351.21000000000004
2023-02-24,102.99782786885247,37,37,21,410.51
2023-02-25,110.0002049180328,38,35,10,322.84999999999997
2023-02-26,126.76491803278688,30,37,14,397.39
2023-02-27,92.2610655737705,27,38,12,1250.31
2023-02-28,107.42946721311476,32,33,14,484.52000000000004
2023-03-01,84.74618852459017,27,34,13,1632.8100000000002
2023-03-02,108.90385245901639,42,22,10,528.4200000000001
2023-03-03,96.17639344262294,25,34,14,1173.62
2023-03-04,108.37631147540984,34,23,11,1777.9600000000003
2023-03-05,96.7722950819672,26,26,5,1122.01
2023-03-06,112.645,32,35,18,755.8700000000001
2023-03-07,114.81553278688524,31,33,18,980.5999999999999
2023-03-08,77.98942622950818,35,33,19,676.29
2023-03-09,97.6088524590164,26,31,12,479.77
2023-03-10,97.46147540983605,38,30,13,1517.75
2023-03-11,97.32860655737703,35,25,9,1152.0
2023-03-12,138.73159836065574,36,33,18,609.03
2023-03-13,103.50532786885246,35,32,12,666.78
2023-03-14,113.49319672131146,31,30,13,422.09000000000003
2023-03-15,87.6808606557377,38,23,13,798.52
2023-03-16,83.98536885245902,36,31,16,820.66
2023-03-17,94.75307377049181,28,30,15,1086.02
2023-03-18,116.97709016393443,37,35,16,688.3399999999999
2023-03-19,83.88889344262294,33,31,9,773.3500000000001
2023-03-20,94.7242213114754,27,27,13,589.3
2023-03-21,89.3976229508197,37,32,13,616.89
2023-03-22,93.99094262295083,26,28,13,527.44
2023-03-23,91.15348360655739,29,35,12,310.89000000000004
2023-03-24,93.9638524590164,34,31,7,500.08
2023-03-25,125.70573770491802,27,27,11,653.1800000000001
2023-03-26,96.54745901639343,18,22,8,309.31
2023-03-27,104.55627049180326,34,34,16,1020.8800000000001
2023-03-28,102.4285245901639,36,31,14,702.79
2023-03-29,94.32553278688525,30,28,14,711.9999999999999
2023-03-30,134.54659836065574,26,26,16,980.54
2023-03-31,92.15959016393442,36,26,10,943.79
2023-04-01,105.13307377049179,29,27,13,1135.82
2023-04-02,105.97868852459018,33,39,19,738.0800000000002
2023-04-03,104.75274590163934,38,28,15,359.4
2023-04-04,100.90258196721312,38,29,13,397.51
2023-04-05,97.7995081967213,29,27,7,241.17999999999998
2023-04-06,94.43639344262294,33,30,12,132.71
2023-04-07,129.49938524590164,37,25,10,198.0
2023-04-08,94.54331967213115,28,33,15,463.88
2023-04-09,135.78717213114754,36,21,10,405.47999999999996
2023-04-10,88.05643442622953,23,29,14,576.7099999999999
2023-04-11,116.78745901639346,27,36,17,938.8300000000002
2023-04-12,91.39004098360658,31,26,12,1731.94
2023-04-13,95.53934426229509,28,35,17,782.21
2023-04-14,110.3347131147541,37,33,17,1817.8200000000002
2023-04-15,104.82368852459015,20,36,12,1150.9099999999999
2023-04-16,96.68368852459017,30,24,11,1039.44
2023-04-17,109.15512295081965,29,38,13,563.3299999999999
2023-04-18,93.0613524590164,32,28,13,1038.94
2023-04-19,77.40163934426229,28,28,15,1765.7299999999998
2023-04-20,95.32200819672131,31,37,17,692.22
2023-04-21,80.33327868852459,36,37,19,913.09
2023-04-22,95.86213114754099,33,29,14,1982.3600000000001
2023-04-23,90.84840163934426,26,30,14,943.8600000000001
2023-04-24,119.43508196721308,27,30,14,375.92999999999995
2023-04-25,94.73168032786884,37,31,12,510.25
2023-04-26,98.44147540983607,22,29,13,691.51
2023-04-27,102.07799180327868,39,31,18,356.8300000000001
2023-04-28,78.65139344262296,24,31,9,728.8599999999999
2023-04-29,105.42225409836065,30,35,15,1475.8799999999997
2023-04-30,71.48331967213115,24,33,13,302.62
2023-05-01,88.19971311475409,24,37,16,244.70999999999998
2023-05-02,93.20012295081968,39,32,17,782.53
2023-05-03,68.12561475409836,31,30,13,866.8699999999999
2023-05-04,96.67180327868851,28,26,12,1109.63
2023-05-05,86.62495901639343,37,35,14,1504.33
2023-05-06,93.12024590163934,35,30,15,1099.42
2023-05-07,117.45848360655735,35,30,12,1309.25
2023-05-08,66.35049180327869,17,34,16,150.41
2023-05-09,145.74532786885243,32,22,10,348.86
2023-05-10,117.72028688524587,33,33,18,345.62
2023-05-11,115.72147540983607,34,20,11,339.78
2023-05-12,98.73905737704919,30,31,12,432.97
2023-05-13,112.08786885245901,29,29,16,994.91
2023-05-14,78.48631147540983,34,34,20,669.95
2023-05-15,101.24881147540984,36,24,11,359.65
2023-05-16,95.3838524590164,25,31,15,338.98
2023-05-17,91.10918032786886,33,28,11,662.71
2023-05-18,128.8298770491803,36,33,15,960.21
2023-05-19,107.18803278688522,28,32,14,2162.5299999999997
2023-05-20,114.30426229508195,31,32,14,2406.9100000000003
2023-05-21,99.03172131147541,23,23,13,746.48
2023-05-22,78.0,32,29,18,596.3899999999999
2023-05-23,101.25065573770493,35,30,12,401.28
2023-05-24,84.89983606557377,26,24,9,859.6099999999999
2023-05-25,121.92463114754099,32,29,13,752.6299999999999
2023-05-26,103.58024590163933,25,25,10,936.72
2023-05-27,99.27463114754096,29,30,16,778.9800000000001
2023-05-28,93.29872950819671,24,34,20,551.0300000000001
2023-05-29,92.38979508196722,33,34,12,1226.89
2023-05-30,119.66446721311475,28,24,11,794.06
2023-05-31,105.05081967213115,35,22,11,567.04
2023-06-01,84.26147540983608,32,27,8,411.31000000000006
2023-06-02,101.40831967213116,31,28,10,679.6800000000001
2023-06-03,75.61331967213115,37,39,18,675.15
2023-06-04,77.85803278688525,25,33,17,556.66
2023-06-05,119.70368852459015,44,41,17,2615.3799999999997
2023-06-06,106.55680327868853,31,19,9,1124.2
2023-06-07,86.30131147540983,33,34,19,1981.27
2023-06-08,102.86172131147542,21,27,13,639.61
2023-06-09,102.24131147540984,24,25,8,803.3699999999999
2023-06-10,91.23020491803278,35,38,9,1069.3500000000001
2023-06-11,91.82999999999998,29,27,11,811.8399999999999
2023-06-12,120.52176229508194,34,28,9,1340.78
2023-06-13,87.83081967213116,30,21,13,366.69
2023-06-14,94.9288524590164,27,28,16,976.9499999999998
2023-06-15,116.04975409836064,29,25,11,340.16
2023-06-16,94.25565573770491,30,34,12,877.8299999999999
2023-06-17,104.91795081967211,31,40,21,817.0799999999999
2023-06-18,70.31741803278689,29,39,21,589.6599999999999
2023-06-19,117.49590163934423,28,31,14,675.05
2023-06-20,109.39278688524588,37,36,14,963.0400000000002
2023-06-21,112.31118852459016,30,34,15,1108.3
2023-06-22,89.91155737704919,24,34,14,1393.5600000000002
2023-06-23,71.4052049180328,32,43,17,767.0999999999999
2023-06-24,95.84991803278689,35,29,12,949.72
2023-06-25,72.77028688524591,32,29,12,884.8199999999999
2023-06-26,146.75848360655738,29,22,13,1394.5700000000002
2023-06-27,111.12983606557377,30,25,8,751.1899999999999
2023-06-28,121.93237704918033,35,30,15,871.99
2023-06-29,69.87118852459017,25,35,16,833.5899999999999
2023-06-30,92.08135245901639,33,45,20,1402.8600000000001
2023-07-01,134.6786475409836,32,34,14,1018.94
2023-07-02,87.29950819672132,31,29,13,575.1400000000001
2023-07-03,93.31081967213115,35,26,13,1476.94
2023-07-04,130.53274590163934,29,37,18,1302.55
2023-07-05,75.68004098360656,25,33,16,1893.6699999999996
2023-07-06,108.84106557377048,33,38,16,1239.45
2023-07-07,104.58655737704917,34,33,13,673.96
2023-07-08,88.83754098360656,25,28,11,761.75
2023-07-09,114.45352459016394,39,33,14,1911.4399999999998
2023-07-10,104.2544262295082,28,25,12,1353.03
2023-07-11,96.76311475409838,23,26,12,497.88
2023-07-12,93.17893442622949,29,25,10,484.57000000000005
2023-07-13,119.0666393442623,34,29,14,1208.48
2023-07-14,80.51598360655738,26,28,15,445.3500000000001
2023-07-15,114.41967213114754,33,30,15,512.3
2023-07-16,92.95430327868851,26,37,16,501.06000000000006
2023-07-17,94.18331967213113,30,27,16,564.73
2023-07-18,91.25122950819672,19,33,11,862.4000000000001
2023-07-19,128.9067213114754,38,22,9,689.18
2023-07-20,93.24676229508196,32,35,19,1117.49
2023-07-21,109.34180327868852,33,25,10,1493.89
2023-07-22,110.09524590163933,32,32,13,786.96
2023-07-23,80.23500000000001,27,30,17,927.73
2023-07-24,102.00610655737704,27,29,17,0.0
2023-07-25,95.22352459016393,36,29,12,448.33000000000004
2023-07-26,98.07721311475412,30,32,10,482.5
2023-07-27,89.28053278688523,31,37,17,449.96999999999997
2023-07-28,78.88204918032788,27,36,13,429.21000000000004
2023-07-29,112.43348360655736,29,29,15,0.0
2023-07-30,98.33901639344262,24,33,14,1074.75
2023-07-31,86.61307377049181,29,37,17,247.14999999999998
2023-08-01,105.82270491803278,32,27,10,387.59
2023-08-02,94.90508196721312,30,23,8,437.77
2023-08-03,78.46901639344263,34,30,16,514.5699999999999
2023-08-04,77.91561475409836,26,28,12,1059.0500000000002
2023-08-05,104.60467213114751,31,34,15,813.72
2023-08-06,95.32614754098361,26,26,13,965.98
2023-08-07,117.25590163934423,28,36,14,654.01
2023-08-08,126.18709016393441,31,34,13,564.39
2023-08-09,96.62954918032787,33,23,8,773.52
2023-08-10,107.42245901639345,26,27,13,958.4499999999999
2023-08-11,99.67049180327868,34,34,15,959.08
2023-08-12,85.46020491803279,26,27,12,595.4300000000001
2023-08-13,87.4417213114754,26,35,15,678.71
2023-08-14,91.2516393442623,31,23,10,838.3800000000001
2023-08-15,94.69032786885246,33,33,14,2054.51
2023-08-16,96.81635245901637,33,34,17,2191.46
2023-08-17,75.22020491803279,22,29,13,542.4300000000001
2023-08-18,91.9291393442623,31,30,12,965.9399999999999
2023-08-19,88.08651639344262,27,32,14,553.0500000000001
2023-08-20,99.84659836065573,33,38,19,767.91
2023-08-21,108.33479508196723,25,29,12,836.9000000000001
2023-08-22,85.32827868852459,26,27,13,1237.94
2023-08-23,96.74516393442623,30,33,11,688.4300000000001
2023-08-24,98.33631147540984,28,26,11,495.91
2023-08-25,75.84274590163935,30,33,15,363.08000000000004
2023-08-26,118.16147540983607,32,28,14,1030.29
2023-08-27,82.08274590163936,32,25,9,484.37000000000006
2023-08-28,108.50717213114754,27,37,16,744.3
2023-08-29,85.40352459016393,24,43,19,628.9200000000001
2023-08-30,125.27192622950821,32,31,15,1149.23
2023-08-31,68.45766393442624,24,34,19,575.8499999999999
2023-09-01,80.6869262295082,28,30,14,502.80000000000007
2023-09-02,110.2139344262295,37,30,15,2493.01
2023-09-03,75.76844262295081,27,27,16,455.78
2023-09-04,128.4387295081967,30,19,9,536.41
2023-09-05,84.49975409836065,26,32,10,2394.15
2023-09-06,74.59610655737706,31,42,19,3258.14
2023-09-07,98.3237295081967,35,38,20,288.03999999999996
2023-09-08,91.57418032786885,25,44,17,1062.58
2023-09-09,103.14008196721312,31,35,14,1322.74
2023-09-10,104.62704918032787,31,35,16,1804.2400000000002
2023-09-11,101.82233606557377,38,33,16,366.55999999999995
2023-09-12,97.2904918032787,28,28,14,527.5799999999999
2023-09-13,79.49561475409836,23,32,13,515.98
2023-09-14,108.65545081967213,27,22,10,645.46
2023-09-15,80.61770491803279,31,30,14,486.96000000000004
2023-09-16,101.59659836065573,25,29,12,619.7
2023-09-17,101.87622950819672,35,30,17,444.68000000000006
2023-09-18,94.75774590163934,28,36,16,421.7899999999999
2023-09-19,88.72176229508197,33,29,10,532.9300000000001
2023-09-20,94.2802049180328,35,22,7,821.95
2023-09-21,90.12036885245902,33,34,15,463.12000000000006
2023-09-22,96.9080737704918,25,27,10,957.1799999999998
2023-09-23,119.42741803278687,37,29,14,1087.35
2023-09-24,104.83774590163934,28,28,13,635.31
2023-09-25,100.45967213114756,33,30,13,347.94999999999993
2023-09-26,83.07286885245901,33,34,20,567.85
2023-09-27,75.93319672131149,29,37,16,484.08000000000004
2023-09-28,125.32975409836065,36,29,12,448.44
2023-09-29,81.96430327868853,22,36,14,829.62
2023-09-30,106.67750000000001,35,29,12,506.03000000000003
2023-10-01,115.95528688524588,22,29,19,971.9300000000001
2023-10-02,91.89524590163934,32,33,15,1364.22
2023-10-03,91.85508196721312,35,29,14,861.3199999999999
2023-10-04,111.00413934426228,41,29,15,498.78999999999996
2023-10-05,108.3535655737705,34,27,11,515.4699999999999
2023-10-06,91.82758196721312,25,33,14,0.0
2023-10-07,103.17110655737704,32,22,12,978.49
2023-10-08,126.48188524590165,25,32,14,631.23
2023-10-09,78.45045081967213,27,33,17,292.45000000000005
2023-10-10,91.23127049180329,30,35,15,754.56
2023-10-11,122.54377049180326,27,32,15,590.1100000000001
2023-10-12,85.64659836065576,18,26,15,231.51999999999998
2023-10-13,91.87143442622951,36,32,19,633.62
2023-10-14,81.93622950819673,34,34,18,885.0100000000001
2023-10-15,109.88282786885244,35,28,14,528.51
2023-10-16,107.03594262295081,30,32,15,1030.77
2023-10-17,94.02184426229509,27,23,10,1350.1799999999998
2023-10-18,92.97881147540984,33,35,14,991.66
2023-10-19,96.48594262295082,29,27,15,1093.09
2023-10-20,108.3752049180328,29,17,7,2334.78
2023-10-21,88.89405737704918,33,24,13,458.43
2023-10-22,107.51745901639345,42,27,11,841.6100000000001
2023-10-23,102.66331967213114,35,26,10,701.6999999999998
2023-10-24,106.76762295081966,40,32,17,867.97
2023-10-25,88.4655737704918,24,41,13,566.1200000000001
2023-10-26,111.61323770491802,25,38,11,291.95000000000005
2023-10-27,97.81659836065573,27,31,18,853.2599999999999
2023-10-28,101.41016393442622,31,21,8,1858.5899999999997
2023-10-29,106.59799180327867,26,39,18,416.40000000000003
2023-10-30,83.46245901639344,29,30,15,981.5
2023-10-31,82.10077868852458,30,35,12,619.88
2023-11-01,111.95040983606556,23,36,16,659.52
2023-11-02,93.70299180327868,37,32,19,256.31
2023-11-03,92.7494262295082,31,28,12,792.2099999999999
2023-11-04,99.65221311475409,30,28,11,1642.9900000000002
2023-11-05,92.26180327868855,28,34,18,745.0699999999999
2023-11-06,97.84627049180327,37,29,10,2266.22
2023-11-07,73.76606557377049,13,29,15,1906.1599999999999
2023-11-08,103.79938524590163,30,40,17,1066.6299999999999
2023-11-09,105.54180327868852,30,35,12,2601.59
2023-11-10,83.09209016393443,24,40,18,1556.4000000000003
2023-11-11,93.0407786885246,39,30,14,1701.96
2023-11-12,99.16868852459018,28,33,18,825.28
2023-11-13,123.60737704918031,28,31,19,338.52
2023-11-14,97.07454918032786,30,38,16,314.33000000000004
2023-11-15,89.36844262295082,25,38,14,304.96000000000004
2023-11-16,93.83909836065575,37,25,12,250.09
2023-11-17,109.54967213114752,24,41,17,499.4700000000001
2023-11-18,87.00606557377048,36,34,12,313.74
2023-11-19,117.29053278688524,32,27,9,493.32
2023-11-20,109.70262295081967,42,26,11,399.0799999999999
2023-11-21,118.72692622950818,34,28,11,730.3
2023-11-22,112.83487704918034,28,35,17,512.5699999999999
2023-11-23,99.39073770491802,36,28,14,150.56
2023-11-24,110.02372950819671,39,39,19,524.9200000000001
2023-11-25,95.22618852459017,31,35,14,211.07
2023-11-26,81.5704098360656,30,29,11,201.1
2023-11-27,103.79770491803276,38,36,19,1454.5900000000001
2023-11-28,105.73856557377049,34,23,13,1233.7
2023-11-29,136.33032786885246,26,28,12,712.72
2023-11-30,106.32012295081968,40,29,15,629.52
2023-12-01,89.20569672131148,33,31,15,962.3599999999999
2023-12-02,81.45389344262296,38,41,21,779.97
2023-12-03,100.19512295081968,32,35,16,803.54
2023-12-04,85.50045081967214,39,27,13,628.66
2023-12-05,102.90782786885245,32,26,10,1301.57
2023-12-06,88.50577868852459,33,29,14,959.8900000000001
2023-12-07,111.84893442622949,36,38,16,320.40999999999997
2023-12-08,98.87290983606556,27,27,10,604.92
2023-12-09,93.84963114754099,28,27,13,1217.9
2023-12-10,75.64233606557379,27,35,19,779.5600000000001
2023-12-11,81.45860655737705,34,33,18,1527.18
2023-12-12,95.50397540983607,26,32,16,368.0400000000001
2023-12-13,81.94327868852459,23,27,10,595.8699999999999
2023-12-14,106.28930327868851,35,23,12,1079.51
2023-12-15,99.96413934426229,38,34,17,539.28
2023-12-16,128.06930327868852,31,22,7,1941.02
2023-12-17,124.42397540983603,32,29,14,1008.16
2023-12-18,84.35586065573771,33,34,14,731.9
2023-12-19,104.94721311475409,32,26,14,418.61
2023-12-20,84.54741803278688,35,23,9,599.77
2023-12-21,91.72479508196722,31,25,12,629.11
2023-12-22,103.04069672131148,27,35,15,650.3299999999999
2023-12-23,91.0772131147541,37,33,14,881.33
2023-12-24,108.00631147540985,33,28,8,517.9000000000001
2023-12-25,111.80397540983606,24,26,8,283.57
2023-12-26,84.01877049180327,25,28,9,699.8699999999999
2023-12-27,132.37081967213112,32,25,11,450.89000000000004
2023-12-28,96.37319672131147,32,29,11,861.9000000000001
2023-12-29,87.2658606557377,37,32,15,1351.9
2023-12-30,104.09590163934426,31,37,15,452.37
2023-12-31,93.1813524590164,29,34,14,540.13
2024-01-01,85.21401639344262,31,29,12,1696.6399999999999
2024-01-02,97.18770491803276,37,39,16,1018.2700000000001
2024-01-03,97.81823770491802,31,39,21,1154.3100000000002
2024-01-04,97.60553278688525,29,32,14,1705.6200000000001
2024-01-05,96.38840163934428,25,21,10,2384.49
2024-01-06,96.57315573770491,35,38,14,1995.5600000000002
2024-01-07,90.82967213114755,29,30,17,2690.9399999999996
2024-01-08,72.34975409836066,22,41,15,1201.61
2024-01-09,89.20618852459017,37,30,16,1788.04
2024-01-10,116.67774590163935,42,23,9,1372.5099999999998
2024-01-11,83.29864754098362,30,21,13,3747.72
2024-01-12,94.25012295081967,30,28,6,1193.5700000000002
2024-01-13,106.28766393442622,24,22,9,766.9499999999999
2024-01-14,95.25963114754097,29,33,14,1991.99
2024-01-15,98.78340163934426,36,31,15,712.94
2024-01-16,95.54647540983606,34,34,18,839.26
2024-01-17,87.26569672131149,32,36,16,1529.5299999999997
2024-01-18,117.52311475409834,40,29,11,442.02
2024-01-19,105.02631147540983,33,33,15,585.31
2024-01-20,88.92434426229508,29,51,21,658.78
2024-01-21,112.16639344262295,42,36,13,641.2199999999999
2024-01-22,116.07770491803278,39,29,9,1094.85
2024-01-23,93.17467213114753,27,32,14,900.48
2024-01-24,75.80934426229508,35,30,14,777.1000000000001
2024-01-25,108.64241803278688,31,34,19,483.28
2024-01-26,72.92180327868853,30,44,21,429.51
2024-01-27,77.78110655737703,39,29,13,921.47
2024-01-28,70.32450819672131,38,33,16,503.53999999999996
2024-01-29,79.34245901639345,36,25,13,896.21
2024-01-30,97.26942622950818,27,32,15,799.3299999999999
2024-01-31,83.24114754098359,26,30,12,675.4300000000001
2024-02-01,99.9702049180328,31,31,17,1703.32
2024-02-02,97.17946721311476,25,37,20,1320.98
2024-02-03,131.79045081967212,33,40,18,1523.79
2024-02-04,101.96336065573772,28,33,13,399.32000000000005
2024-02-05,112.23897540983606,30,37,16,437.34000000000003
2024-02-06,125.36434426229506,33,27,10,369.84
2024-02-07,102.83204918032786,36,37,17,0.0
2024-02-08,122.14241803278686,36,30,18,477.09
2024-02-09,75.64549180327869,29,32,17,921.6299999999999
2024-02-10,117.60565573770491,28,20,10,702.84
2024-02-11,86.52073770491802,37,37,17,349.24
2024-02-12,113.08840163934424,29,36,15,3290.2300000000005
2024-02-13,93.03016393442621,23,29,12,1121.19
2024-02-14,80.9066393442623,39,31,15,1297.44
2024-02-15,94.94057377049181,26,35,13,939.32
2024-02-16,92.73709016393443,32,32,14,565.5
2024-02-17,104.15356557377048,36,29,14,918.7500000000001
2024-02-18,119.03946721311475,31,22,9,1316.8000000000002
2024-02-19,92.33959016393443,34,30,15,931.2299999999999
2024-02-20,94.6554918032787,34,34,21,1132.1799999999998
2024-02-21,111.01516393442621,27,28,6,1698.6000000000004
2024-02-22,105.80102459016392,26,38,19,2286.7799999999997
2024-02-23,102.89639344262292,33,21,8,1399.82
2024-02-24,104.42045081967211,37,33,17,2626.04
2024-02-25,82.54065573770492,23,31,18,1333.1599999999999
2024-02-26,87.22245901639346,31,27,15,264.86
2024-02-27,97.89139344262296,35,28,11,386.7
2024-02-28,101.73254098360657,38,33,6,333.83
2024-02-29,100.83393442622952,40,31,17,388.43
2024-03-01,101.17073770491801,31,30,12,709.6500000000001
2024-03-02,109.1817213114754,39,29,15,1199.18
2024-03-03,90.9005737704918,28,24,12,1331.0900000000001
2024-03-04,114.61122950819673,27,26,15,0.0
2024-03-05,127.23971311475405,36,39,21,1220.83
2024-03-06,101.622131147541,29,33,22,363.68000000000006
2024-03-07,108.88016393442624,34,30,9,1264.79
2024-03-08,106.58831967213116,34,29,12,1048.31
2024-03-09,86.92983606557378,18,34,16,623.69
2024-03-10,101.44524590163934,41,30,14,1283.6999999999998
2024-03-11,103.76004098360654,34,34,12,700.52
2024-03-12,87.07942622950819,29,27,7,537.55
2024-03-13,116.69278688524588,26,28,8,598.24
2024-03-14,94.06225409836065,23,36,20,543.63
2024-03-15,87.30036885245902,24,30,17,1252.6100000000001
2024-03-16,123.07897540983605,41,24,12,943.3300000000002
2024-03-17,80.1588524590164,34,36,15,1083.7
2024-03-18,111.19336065573769,31,43,14,959.6
2024-03-19,95.56315573770492,28,25,12,1641.24
2024-03-20,99.85811475409835,24,27,14,896.59
2024-03-21,109.1767213114754,23,21,10,508.75000000000006
2024-03-22,85.18061475409836,37,33,12,1395.9900000000002
2024-03-23,79.4158606557377,27,32,14,1151.96
2024-03-24,75.00959016393443,24,30,12,1295.6599999999999
2024-03-25,110.89045081967215,41,29,12,1210.12
2024-03-26,72.7177049180328,31,35,21,1308.55
2024-03-27,111.52668032786886,33,32,13,1443.3200000000002
2024-03-28,101.37991803278689,35,30,11,2564.9300000000003
2024-03-29,86.97053278688526,34,30,14,1993.67
2024-03-30,92.19766393442625,25,25,13,1421.0
2024-03-31,99.34004098360656,33,37,15,1502.76
2024-04-01,89.10008196721311,29,31,12,821.56
2024-04-02,93.1363524590164,24,37,14,245.20000000000002
2024-04-03,94.21155737704919,29,25,11,508.74
2024-04-04,128.72856557377045,30,35,13,697.24
2024-04-05,87.10315573770492,29,33,19,704.0999999999999
2024-04-06,101.15918032786884,36,26,12,498.7199999999999
2024-04-07,84.27881147540982,28,29,11,271.61
2024-04-08,91.92323770491804,39,27,11,357.68999999999994
2024-04-09,100.1607786885246,23,24,14,855.5899999999999
2024-04-10,111.59340163934428,27,37,16,950.6000000000001
2024-04-11,89.13725409836064,32,36,16,1275.65
2024-04-12,106.75512295081967,27,26,9,3065.8100000000004
2024-04-13,88.55159836065573,23,27,13,2016.05
2024-04-14,113.94721311475408,44,34,14,676.7600000000001
2024-04-15,79.5222131147541,33,38,18,1394.9099999999999
2024-04-16,75.64385245901639,30,30,16,1232.29
2024-04-17,100.77450819672131,29,37,15,910.94
2024-04-18,88.55618852459015,33,32,14,1278.03
2024-04-19,101.29573770491801,26,33,19,2170.3599999999997
2024-04-20,103.6961475409836,36,11,4,1377.8899999999999
2024-04-21,97.51028688524589,39,33,17,1208.4900000000002
2024-04-22,77.7997131147541,32,39,19,499.02
2024-04-23,124.47581967213114,26,28,11,879.0699999999999
2024-04-24,103.82909836065573,35,23,13,2867.9300000000003
2024-04-25,125.23270491803277,37,24,9,1185.94
2024-04-26,73.67196721311475,26,28,16,2259.0899999999997
2024-04-27,91.58397540983606,28,39,17,1298.45
2024-04-28,113.7439344262295,37,24,11,956.5899999999999
2024-04-29,96.45762295081968,28,28,11,320.7
2024-04-30,92.4099180327869,27,27,9,342.70000000000005
2024-05-01,111.21213114754097,33,31,15,211.09
2024-05-02,95.43213114754097,25,30,13,1054.2900000000002
2024-05-03,98.61614754098362,20,28,19,457.19000000000005
2024-05-04,96.84799180327869,22,41,21,1144.1299999999997
2024-05-05,94.96893442622951,26,35,20,569.9
2024-05-06,106.58848360655738,28,30,11,904.16
2024-05-07,86.97782786885247,29,35,16,1023.0499999999998
2024-05-08,111.82381147540984,32,32,19,1120.2199999999998
2024-05-09,91.37631147540984,34,32,15,844.6899999999999
2024-05-10,86.26618852459016,34,31,16,1429.5500000000002
2024-05-11,86.33594262295082,31,40,20,444.90999999999997
2024-05-12,101.15463114754098,39,27,14,809.1899999999999
2024-05-13,91.7567213114754,23,33,22,662.4300000000001
2024-05-14,107.66967213114755,31,31,12,951.77
2024-05-15,105.15032786885246,28,17,6,3267.75
2024-05-16,111.6102868852459,30,36,18,3255.6900000000005
2024-05-17,115.66905737704916,32,31,12,1730.26
2024-05-18,95.09709016393444,32,25,10,1056.65
2024-05-19,124.7773770491803,26,24,10,818.8700000000001
2024-05-20,99.84401639344263,36,26,16,280.85
2024-05-21,93.12565573770492,26,28,10,1683.1
2024-05-22,96.65856557377049,23,30,12,617.3
2024-05-23,97.4617213114754,43,33,17,425.62
2024-05-24,62.17979508196722,20,35,18,847.81
2024-05-25,115.54233606557375,31,30,13,367.34000000000003
2024-05-26,103.1029918032787,29,38,17,416.71999999999997
2024-05-27,86.38040983606557,32,21,9,1199.76
2024-05-28,115.20274590163935,32,28,13,1051.29
2024-05-29,109.48184426229507,25,36,16,1718.8400000000001
2024-05-30,91.38049180327869,29,32,18,1173.65
2024-05-31,99.98344262295082,32,29,14,1391.16
2024-06-01,91.8244262295082,32,29,13,910.7299999999999
2024-06-02,89.45668032786885,35,29,12,1269.4699999999998
2024-06-03,92.36844262295082,21,26,13,1336.0900000000001
2024-06-04,87.6639344262295,30,31,16,780.0699999999999
2024-06-05,99.18040983606556,36,36,18,503.7800000000001
2024-06-06,96.80786885245902,30,34,17,1478.51
2024-06-07,89.03782786885246,25,29,11,804.36
2024-06-08,116.37094262295082,36,33,15,1834.6100000000001
2024-06-09,112.80606557377048,31,26,13,492.22999999999996
2024-06-10,114.16467213114754,28,30,19,2158.87
2024-06-11,78.06016393442623,32,34,21,1493.69
2024-06-12,87.2072131147541,36,27,9,1487.3899999999999
2024-06-13,101.30520491803279,25,34,8,2033.3400000000001
2024-06-14,109.58491803278689,31,33,14,1342.0
2024-06-15,84.1094262295082,23,31,16,1326.8500000000001
2024-06-16,127.36192622950819,28,23,11,936.34
2024-06-17,111.16782786885246,39,32,16,784.5799999999999
2024-06-18,131.17303278688522,40,29,6,565.54
2024-06-19,84.0419262295082,31,36,17,1195.06
2024-06-20,95.5500819672131,30,35,16,797.9900000000001
2024-06-21,85.42418032786885,28,34,16,2179.56
2024-06-22,75.08032786885245,28,26,11,547.88
2024-06-23,101.41795081967214,32,24,12,807.07
2024-06-24,138.82012295081967,36,29,13,947.71
2024-06-25,81.01450819672131,25,34,18,844.79
2024-06-26,112.4916393442623,29,37,17,1555.5900000000001
2024-06-27,84.30209016393442,21,29,11,1381.99
2024-06-28,98.01102459016394,36,31,14,1273.3400000000001
2024-06-29,93.73733606557379,28,32,20,1328.8500000000001
2024-06-30,89.26893442622952,28,32,14,1253.39
2024-07-01,101.8309426229508,37,33,17,637.75
2024-07-02,84.5102049180328,33,29,16,1171.92
2024-07-03,116.58532786885245,26,31,10,1600.8999999999999
2024-07-04,94.36893442622952,27,28,13,1741.7400000000002
2024-07-05,89.57102459016393,27,30,14,1854.7200000000003
2024-07-06,95.98110655737705,26,40,16,1681.09
2024-07-07,108.85856557377048,31,25,10,1984.12
2024-07-08,85.95934426229509,25,24,14,1341.54
2024-07-09,115.91586065573769,35,34,14,1366.44
2024-07-10,112.32655737704917,28,32,12,1062.91
2024-07-11,82.48995901639344,31,27,13,1051.29
2024-07-12,92.9088524590164,32,27,8,1242.97
2024-07-13,94.29581967213115,37,22,8,1402.3100000000002
2024-07-14,80.15061475409836,20,28,12,2214.4500000000003
2024-07-15,100.54266393442622,33,24,11,768.8299999999999
2024-07-16,99.01278688524592,34,29,10,605.1899999999999
2024-07-17,114.09569672131147,27,24,4,576.06
2024-07-18,104.68553278688523,25,40,17,1304.58
2024-07-19,116.65807377049178,23,38,16,1354.42
2024-07-20,91.51868852459017,24,39,22,1104.95
2024-07-21,103.31360655737706,24,23,10,390.31000000000006
2024-07-22,103.90102459016394,32,23,12,1168.9499999999998
2024-07-23,105.91348360655736,31,33,17,1076.39
2024-07-24,86.50102459016394,28,35,19,671.2
2024-07-25,130.16299180327871,37,28,10,903.8299999999999
2024-07-26,88.50176229508197,40,27,11,1336.3700000000001
2024-07-27,67.08561475409836,21,27,16,929.1100000000001
2024-07-28,97.12713114754096,27,26,11,1008.38
2024-07-29,81.69233606557377,32,39,18,239.48
2024-07-30,100.27225409836066,31,28,7,1173.9199999999998
2024-07-31,105.8320081967213,32,33,18,1114.53
2024-08-01,111.45483606557376,27,30,11,680.49
2024-08-02,126.66627049180327,28,22,9,0.0
2024-08-03,76.39143442622952,35,24,15,376.52
2024-08-04,73.82397540983607,20,27,13,398.14
2024-08-05,110.68266393442622,30,28,19,1364.67
2024-08-06,116.22590163934426,34,30,19,922.72
2024-08-07,116.06319672131147,34,27,10,1912.7099999999998
2024-08-08,111.64721311475412,27,34,14,4172.22
2024-08-09,86.3252049180328,28,31,11,1161.8
2024-08-10,140.33635245901638,33,29,9,1419.92
2024-08-11,114.56467213114753,31,30,11,1423.7
2024-08-12,93.00995901639344,31,32,7,1590.52
2024-08-13,92.45786885245901,27,30,14,569.22
2024-08-14,96.2612295081967,37,27,11,670.22
2024-08-15,108.38959016393443,27,34,18,2329.04
2024-08-16,90.2479918032787,28,41,17,610.48
2024-08-17,81.36959016393443,28,36,19,434.73999999999995
2024-08-18,108.53963114754097,33,22,11,645.27
2024-08-19,103.46434426229506,27,29,10,637.8199999999999
2024-08-20,74.52118852459016,26,19,9,1344.28
2024-08-21,123.53754098360655,38,29,11,1226.34
2024-08-22,102.54836065573768,27,28,13,541.1
2024-08-23,108.04704918032785,42,34,16,1038.88
2024-08-24,96.46680327868852,33,31,10,611.94
2024-08-25,92.64737704918034,30,29,15,1132.6100000000001
2024-08-26,108.2400819672131,43,31,12,814.1800000000001
2024-08-27,92.46991803278688,26,31,20,751.63
2024-08-28,96.67774590163935,26,34,12,1606.6699999999998
2024-08-29,79.05897540983607,25,39,18,1744.2200000000003
2024-08-30,111.15762295081967,34,32,13,1466.38
2024-08-31,94.1362295081967,26,28,10,574.27
2024-09-01,87.15651639344262,29,35,16,1142.5
2024-09-02,98.43631147540984,31,27,12,446.4
2024-09-03,123.89733606557375,40,34,15,614.03
2024-09-04,110.57446721311476,32,37,16,406.73
2024-09-05,138.63102459016395,38,37,18,827.04
2024-09-06,146.79786885245898,31,39,21,677.1300000000001
2024-09-07,129.31463114754098,38,29,12,227.81
2024-09-08,99.97278688524591,30,27,15,1049.8
2024-09-09,89.99766393442623,30,31,17,948.94
2024-09-10,106.23262295081967,34,29,17,815.8999999999999
2024-09-11,94.33745901639345,27,43,19,2021.23
2024-09-12,86.73561475409835,37,31,19,1240.15
2024-09-13,87.11639344262295,32,24,11,1191.48
2024-09-14,115.45434426229508,42,37,9,1910.14
2024-09-15,92.82262295081968,30,24,13,851.51
2024-09-16,97.65733606557377,29,31,18,1610.4800000000002
2024-09-17,101.7652868852459,33,33,16,922.3100000000001
2024-09-18,97.31225409836067,21,39,16,1212.71
2024-09-19,81.8688524590164,31,36,18,2123.6000000000004
2024-09-20,120.08081967213116,27,31,12,1111.7900000000002
2024-09-21,100.60438524590164,36,28,14,558.26
2024-09-22,109.68790983606556,29,28,13,2566.79
2024-09-23,77.47385245901638,27,31,13,3248.81
2024-09-24,83.93672131147541,29,28,12,900.5900000000001
2024-09-25,97.00143442622952,38,30,14,631.7700000000001
2024-09-26,89.4130737704918,22,31,15,1016.9300000000002
2024-09-27,70.2357786885246,25,34,23,1157.88
2024-09-28,96.5263524590164,33,21,8,1435.63
2024-09-29,79.67790983606557,35,26,12,428.17
2024-09-30,96.33975409836066,29,42,18,769.5500000000001
2024-10-01,79.16864754098361,28,29,15,989.3299999999999
2024-10-02,93.18127049180328,30,36,18,487.94999999999993
2024-10-03,74.2480737704918,30,25,14,1108.09
2024-10-04,95.11053278688524,23,39,16,2321.2500000000005
2024-10-05,66.6033606557377,23,33,14,1371.6
2024-10-06,117.56569672131147,38,38,18,650.2
2024-10-07,97.7069262295082,32,33,12,1163.56
2024-10-08,107.4060655737705,28,28,13,1317.8600000000001
2024-10-09,99.19118852459017,30,30,9,762.5400000000002
2024-10-10,97.98098360655737,22,35,17,1073.92
2024-10-11,76.11709016393442,23,36,16,1294.28
2024-10-12,93.51754098360657,21,27,8,2235.1400000000003
2024-10-13,96.18323770491803,35,36,17,1263.31
2024-10-14,115.1139344262295,27,24,13,3030.47
2024-10-15,80.66049180327869,33,42,23,949.8
2024-10-16,88.52168032786886,23,29,11,2274.93
2024-10-17,109.12754098360654,42,30,18,0.0
2024-10-18,120.83418032786884,33,34,17,1385.8500000000001
2024-10-19,90.26393442622951,23,26,9,2423.1299999999997
2024-10-20,96.63631147540984,22,26,11,2491.2299999999996
2024-10-21,95.22659836065574,32,30,14,541.9000000000001
2024-10-22,89.19315573770493,41,23,7,319.54999999999995
2024-10-23,125.05840163934423,25,24,7,685.57
2024-10-24,98.24241803278686,33,35,13,564.5899999999999
2024-10-25,80.00180327868853,26,34,18,773.27
2024-10-26,71.76311475409837,34,32,18,1020.6400000000001
2024-10-27,137.59741803278686,24,23,10,304.12
2024-10-28,108.6877868852459,40,34,18,401.65
2024-10-29,94.65475409836067,24,24,9,1162.75
2024-10-30,90.15516393442623,37,30,10,713.22
2024-10-31,74.12028688524592,23,27,17,364.36
2024-11-01,96.91266393442623,36,24,10,1132.74
2024-11-02,81.40553278688525,31,33,17,454.28
2024-11-03,116.7477049180328,33,30,14,470.05
2024-11-04,94.25176229508199,32,35,16,839.39
2024-11-05,115.88323770491803,31,37,23,1638.13
2024-11-06,116.09463114754097,34,33,14,1547.0099999999998
2024-11-07,116.74352459016393,27,37,16,3266.62
2024-11-08,94.94114754098361,20,24,8,1500.8599999999997
2024-11-09,96.9286475409836,35,28,15,1851.3899999999999
2024-11-10,104.39073770491802,32,32,17,626.3299999999999
2024-11-11,97.04618852459016,31,34,18,1416.31
2024-11-12,109.45245901639345,22,25,7,1413.6200000000001
2024-11-13,95.68983606557376,35,24,15,1742.4499999999998
2024-11-14,85.76188524590165,35,32,15,724.95
2024-11-15,93.51254098360654,34,29,8,351.1
2024-11-16,107.8672950819672,33,26,13,1020.79
2024-11-17,83.08954918032786,26,29,12,1160.78
2024-11-18,107.13487704918032,38,28,13,1764.9199999999996
2024-11-19,124.43372950819672,27,33,17,805.55
2024-11-20,92.15176229508197,29,31,9,807.1999999999999
2024-11-21,96.10622950819672,29,33,15,1330.46
2024-11-22,94.64401639344263,23,32,14,1165.93
2024-11-23,84.97311475409838,26,35,14,1984.9000000000003
2024-11-24,91.909631147541,31,27,12,439.18
2024-11-25,107.7530737704918,34,31,14,1146.1599999999999
2024-11-26,95.36397540983606,33,26,8,1068.8999999999999
2024-11-27,97.9358606557377,32,39,18,399.25
2024-11-28,91.04413934426228,31,28,10,1113.22
2024-11-29,83.37659836065573,37,30,17,1369.2200000000003
2024-11-30,108.78352459016392,32,36,11,1716.2500000000002
2024-12-01,92.84340163934426,28,32,12,1894.4499999999998
2024-12-02,86.78077868852459,29,32,17,711.97
2024-12-03,139.25897540983607,38,32,11,552.3600000000001
2024-12-04,107.4141393442623,29,27,15,919.1400000000001
2024-12-05,97.35553278688525,31,29,13,1826.73
2024-12-06,105.76696721311475,28,35,18,597.73
2024-12-07,88.1869262295082,33,29,13,924.15
2024-12-08,96.36963114754097,38,32,14,528.47
2024-12-09,82.98700819672132,33,43,18,942.0000000000001
2024-12-10,125.56401639344261,34,34,13,1249.33
2024-12-11,93.93487704918033,20,29,8,919.9699999999999
2024-12-12,83.01741803278688,25,36,13,1242.5500000000002
2024-12-13,100.61512295081965,28,28,18,859.7199999999999
2024-12-14,82.89512295081967,37,32,16,1245.08
2024-12-15,79.44930327868852,26,30,12,885.9000000000001
2024-12-16,91.0319262295082,24,24,11,1449.16
2024-12-17,123.6326639344262,34,35,15,904.98
2024-12-18,83.29668032786886,30,29,12,2079.61
2024-12-19,107.65618852459016,26,29,18,1570.73
2024-12-20,84.74647540983607,30,36,17,1131.25
2024-12-21,91.46442622950819,27,30,8,2352.29
2024-12-22,102.57217213114754,31,35,19,2833.7799999999997
2024-12-23,113.78586065573771,36,39,21,179.13
2024-12-24,89.34975409836066,41,29,13,390.1
2024-12-25,106.82971311475409,31,32,16,364.98
2024-12-26,92.02196721311476,27,35,13,1389.0600000000002
2024-12-27,96.30459016393442,26,35,17,970.31
2024-12-28,87.0602868852459,38,42,17,1169.28
2024-12-29,112.73709016393443,37,25,6,381.99
2024-12-30,103.74762295081968,27,34,20,297.36
2024-12-31,92.25213114754096,30,32,11,850.88
2025-01-01,87.02922131147541,27,38,20,354.76
2025-01-02,95.41327868852458,31,31,12,1118.35
2025-01-03,82.84299180327868,30,33,20,937.5100000000001
2025-01-04,100.80827868852458,35,30,15,1036.57
2025-01-05,78.82930327868853,23,37,23,819.2399999999999
2025-01-06,89.87672131147542,28,32,13,1494.0100000000002
2025-01-07,91.28848360655739,24,29,13,1119.36
2025-01-08,120.53,34,37,18,645.14
2025-01-09,115.72852459016391,32,26,14,552.2800000000001
2025-01-10,94.92127049180328,23,23,12,2000.3
2025-01-11,102.08344262295081,28,29,15,2399.66
2025-01-12,111.58979508196722,34,29,14,671.45
2025-01-13,95.98762295081967,24,34,12,453.27000000000004
2025-01-14,95.55770491803278,29,27,9,807.1500000000001
2025-01-15,118.17897540983606,34,35,12,1771.6799999999998
2025-01-16,100.03430327868853,30,28,17,2684.2200000000003
2025-01-17,116.05946721311474,31,27,11,1828.3000000000002
2025-01-18,92.51901639344264,43,21,9,1167.77
2025-01-19,96.83409836065574,24,28,11,573.1400000000001
2025-01-20,110.61413934426228,34,31,16,833.3199999999998
2025-01-21,89.53172131147541,41,43,21,659.6199999999999
2025-01-22,97.66737704918033,32,24,10,697.51
2025-01-23,111.55045081967214,34,34,16,1980.8799999999999
2025-01-24,91.73135245901638,25,28,11,2732.39
2025-01-25,84.64327868852459,35,29,14,1799.26
2025-01-26,86.10163934426231,31,30,16,296.70000000000005
2025-01-27,100.32934426229508,32,26,8,909.28
2025-01-28,92.11627049180329,36,32,10,1021.0100000000001
2025-01-29,78.26782786885245,41,24,12,847.2399999999999
2025-01-30,90.24643442622951,34,41,23,1137.71
2025-01-31,86.49397540983605,33,40,24,1532.96
2025-02-01,97.41959016393444,26,28,18,890.53
2025-02-02,125.18987704918032,29,38,22,700.55
2025-02-03,103.0225819672131,27,35,17,1358.3899999999999
2025-02-04,102.96319672131146,25,31,10,554.9300000000001
2025-02-05,123.20987704918034,29,37,14,1343.2800000000002
2025-02-06,110.89163934426229,25,31,15,1173.5700000000002
2025-02-07,100.90036885245901,30,38,18,1083.94
2025-02-08,102.06422131147541,21,28,8,3865.0400000000004
2025-02-09,81.98766393442624,29,34,21,1984.29
2025-02-10,105.60831967213115,32,26,13,1489.3599999999997
2025-02-11,96.0716393442623,27,28,15,1018.0199999999999
2025-02-12,97.80221311475411,22,27,12,1403.0
2025-02-13,87.54319672131147,25,26,10,870.08
2025-02-14,94.4987295081967,34,26,10,858.56
2025-02-15,117.4020081967213,30,31,11,569.4499999999999
2025-02-16,127.34770491803279,27,24,12,885.45
2025-02-17,100.0675,28,29,15,648.3900000000001
2025-02-18,102.95118852459017,28,32,14,312.28000000000003
2025-02-19,100.10340163934426,32,22,10,480.11
2025-02-20,107.89659836065572,27,32,17,410.7
2025-02-21,98.31426229508197,23,34,12,1321.3600000000001
2025-02-22,102.18717213114753,27,31,13,1134.6399999999999
2025-02-23,100.91016393442621,23,34,13,542.8299999999999
2025-02-24,107.84459016393441,31,27,10,722.6199999999999
2025-02-25,75.99020491803279,30,33,21,0.0
2025-02-26,107.1713524590164,27,34,15,774.8199999999999
2025-02-27,107.70401639344261,35,36,12,667.9100000000001
2025-02-28,124.19811475409833,28,23,9,1521.56
2025-03-01,98.79016393442623,27,35,18,1570.56
2025-03-02,130.8945901639344,46,27,11,1016.88
2025-03-03,97.5660655737705,28,33,12,2077.55
2025-03-04,104.9955737704918,31,27,18,2003.07
2025-03-05,79.07319672131148,21,28,14,947.1000000000001
2025-03-06,93.78286885245902,31,31,16,856.96
2025-03-07,81.66889344262295,38,33,11,0.0
2025-03-08,118.78762295081965,30,26,13,1873.5299999999997
2025-03-09,74.92340163934426,25,23,10,1458.58
2025-03-10,102.92881147540983,34,25,14,964.8900000000001
2025-03-11,86.93844262295083,27,31,11,512.9200000000001
2025-03-12,87.0222131147541,24,28,15,813.7
2025-03-13,136.74200819672132,36,30,15,985.75
2025-03-14,88.24926229508196,34,30,11,1139.53
2025-03-15,78.17004098360655,32,33,15,2221.5
2025-03-16,79.61934426229507,33,44,23,1264.57
2025-03-17,103.98311475409837,27,28,15,1005.4699999999999
2025-03-18,104.69245901639344,36,24,12,719.48
2025-03-19,81.09643442622951,26,37,21,805.52
2025-03-20,80.10745901639345,33,31,11,1416.55
2025-03-21,96.61709016393442,32,33,12,1006.1099999999999
2025-03-22,91.00631147540985,34,36,17,952.75
2025-03-23,116.78901639344261,27,31,17,787.77
2025-03-24,115.31819672131147,26,34,18,379.94000000000005
2025-03-25,94.25618852459014,39,22,8,543.19
2025-03-26,79.89950819672131,27,30,18,746.51
2025-03-27,93.16860655737703,30,35,19,553.6100000000001
2025-03-28,105.14413934426229,35,29,13,1139.26
2025-03-29,98.71397540983607,25,39,16,839.9000000000001
2025-03-30,87.9104918032787,39,21,9,325.78999999999996
2025-03-31,84.444631147541,26,20,9,727.6300000000001
2025-04-01,81.27381147540983,36,31,13,1357.2100000000003
2025-04-02,129.09889344262297,30,43,20,453.35999999999996
2025-04-03,134.52159836065573,33,28,15,398.92
2025-04-04,115.98881147540982,38,19,6,377.57000000000005
2025-04-05,97.59036885245901,31,32,16,788.8699999999999
2025-04-06,100.97118852459018,30,32,12,910.75
2025-04-07,83.49209016393442,37,40,18,1310.24
2025-04-08,107.4686475409836,27,31,11,2147.9700000000003
2025-04-09,90.747131147541,29,24,11,529.1899999999999
2025-04-10,89.47024590163933,32,29,14,1065.73
2025-04-11,92.48446721311475,29,32,16,3276.7799999999997
2025-04-12,72.92348360655738,23,30,16,949.4300000000001
2025-04-13,91.42127049180328,31,32,12,898.46
2025-04-14,99.9994262295082,25,30,13,449.02
2025-04-15,113.97598360655738,32,20,10,731.01
2025-04-16,111.99241803278689,26,32,13,697.49
2025-04-17,102.58434426229508,33,33,19,1300.09
2025-04-18,107.30184426229506,35,18,10,1162.63
2025-04-19,74.49692622950819,26,39,22,685.7700000000001
2025-04-20,107.44840163934424,33,31,15,1256.7499999999998
2025-04-21,84.16893442622951,32,23,12,377.36999999999995
2025-04-22,86.32209016393443,24,30,13,1429.0
2025-04-23,88.96688524590164,25,27,13,581.91
2025-04-24,120.7288524590164,38,30,14,604.22
2025-04-25,116.7525819672131,32,20,9,849.72
2025-04-26,71.48426229508198,27,38,21,3066.85
2025-04-27,98.61356557377049,31,26,12,909.0
2025-04-28,98.21077868852458,35,32,17,357.71000000000004
2025-04-29,91.98446721311475,29,34,17,959.8800000000001
2025-04-30,138.92754098360652,36,25,9,445.2
2025-05-01,102.32786885245902,33,31,15,404.64
2025-05-02,126.12913934426228,34,35,16,1733.75
2025-05-03,90.36700819672133,35,36,12,1082.9299999999998
2025-05-04,99.76188524590165,26,25,12,932.64
2025-05-05,110.38913934426229,32,31,15,902.65
2025-05-06,95.62905737704918,32,29,17,963.15
2025-05-07,96.22307377049181,24,31,14,1195.94
2025-05-08,95.76200819672131,35,32,14,379.12
2025-05-09,112.89909836065573,35,44,19,1332.2800000000002
2025-05-10,91.50979508196723,30,31,12,824.8400000000001
2025-05-11,122.50540983606554,26,27,11,349.71000000000004
2025-05-12,96.95959016393442,28,35,14,792.7900000000001
2025-05-13,96.36766393442623,29,24,11,969.4200000000001
2025-05-14,79.35598360655737,37,37,17,698.59
2025-05-15,102.00831967213115,36,37,18,0.0
2025-05-16,93.35938524590165,28,36,14,639.71
2025-05-17,99.82413934426229,26,33,15,1243.32
2025-05-18,116.25413934426228,34,31,18,640.6
2025-05-19,109.26360655737705,35,29,11,940.28
2025-05-20,98.90565573770493,33,27,15,905.3
2025-05-21,110.55885245901638,34,27,13,581.21
2025-05-22,95.97127049180327,28,36,16,1273.5100000000002
2025-05-23,98.96786885245902,29,27,10,1274.48
2025-05-24,97.63163934426231,33,32,12,477.58000000000004
2025-05-25,94.88344262295082,41,28,18,428.38
2025-05-26,98.08159836065575,37,28,16,1113.63
2025-05-27,86.8202049180328,23,31,18,1160.49
2025-05-28,97.08299180327869,39,35,25,1561.1699999999998
2025-05-29,88.53127049180328,35,25,14,1349.5300000000002
2025-05-30,102.36536885245901,32,29,9,2059.8300000000004
2025-05-31,76.45983606557375,26,28,14,2995.61
2025-06-01,87.58049180327869,28,32,17,753.5099999999999
2025-06-02,110.5914344262295,23,34,15,204.38
2025-06-03,118.35659836065571,36,28,10,385.69000000000005
2025-06-04,78.12602459016394,31,35,13,658.1700000000001
2025-06-05,104.42512295081966,34,26,8,954.1000000000001
2025-06-06,94.44139344262294,29,26,8,695.24
2025-06-07,102.90262295081966,36,26,4,221.08
2025-06-08,96.02307377049182,33,38,22,284.68
2025-06-09,109.60040983606558,35,26,13,784.58
2025-06-10,99.01532786885245,36,37,18,1142.3899999999999
2025-06-11,91.04831967213116,35,34,18,1050.68
2025-06-12,104.68709016393443,24,32,10,1265.47
2025-06-13,95.90163934426229,21,31,14,1192.93
2025-06-14,103.3964344262295,33,27,12,2661.31
2025-06-15,119.41803278688522,21,26,13,916.55
2025-06-16,110.5947950819672,33,21,12,805.04
2025-06-17,81.639631147541,31,34,12,1071.62
2025-06-18,98.61442622950821,23,25,8,565.03
2025-06-19,108.29159836065571,34,31,11,850.6899999999999
2025-06-20,119.88881147540984,30,26,10,1424.7599999999998
2025-06-21,97.13245901639344,29,31,8,1160.3899999999999
2025-06-22,101.6908606557377,40,28,12,2030.12
2025-06-23,75.40438524590165,24,27,11,1206.98
2025-06-24,100.77819672131147,30,34,17,4430.84
2025-06-25,82.70159836065574,23,36,16,996.8900000000001
2025-06-26,91.93467213114754,27,27,15,499.38
2025-06-27,113.4720081967213,24,32,15,1679.6999999999998
2025-06-28,97.54893442622952,27,29,19,845.21
2025-06-29,102.15868852459018,23,37,16,565.4200000000001
2025-06-30,95.95987704918032,32,28,11,898.75
2025-07-01,104.55217213114753,37,35,19,503.6
2025-07-02,111.90819672131147,34,35,21,303.01
2025-07-03,90.24106557377048,32,30,12,797.23
2025-07-04,100.35118852459017,26,30,12,1011.8900000000001
2025-07-05,141.79799180327868,31,28,11,1268.63
2025-07-06,103.92040983606559,23,34,15,495.09000000000003
2025-07-07,124.84032786885247,30,33,14,1334.7599999999998
2025-07-08,137.0205327868852,40,28,10,403.73999999999995
2025-07-09,79.95184426229508,29,32,18,976.63
2025-07-10,112.08274590163934,45,34,14,760.3499999999999
2025-07-11,109.30516393442623,30,26,16,1458.56
2025-07-12,93.01540983606559,34,24,10,964.6500000000001
2025-07-13,103.51954918032786,30,21,12,1042.44
2025-07-14,86.25319672131147,30,29,12,1875.6000000000004
2025-07-15,96.12463114754098,32,36,14,1233.2000000000003
2025-07-16,105.11040983606559,33,30,13,804.6899999999999
2025-07-17,85.92168032786886,22,28,14,945.51
2025-07-18,106.32950819672132,28,36,17,1388.3200000000002
2025-07-19,89.62545081967214,28,27,9,1472.65
2025-07-20,93.98061475409837,32,36,18,1142.93
2025-07-21,83.65397540983606,27,33,15,1418.35
2025-07-22,96.2024180327869,28,21,16,2197.46
2025-07-23,88.25762295081968,41,27,11,942.25
2025-07-24,74.55299180327869,29,32,18,1098.6399999999999
2025-07-25,111.63434426229507,28,41,22,624.2
2025-07-26,93.55258196721311,34,30,10,1116.77
2025-07-27,109.60008196721311,32,31,16,1262.9299999999998
2025-07-28,93.49073770491803,28,25,13,683.46
2025-07-29,109.6011475409836,28,21,14,423.42
2025-07-30,81.62422131147541,23,34,21,668.71
2025-07-31,104.12815573770492,33,38,21,520.6999999999998
2025-08-01,91.13725409836064,26,35,12,1171.0
2025-08-02,100.73504098360655,35,35,13,944.99
2025-08-03,120.28151639344263,34,41,15,504.13
2025-08-04,110.0680737704918,29,27,11,1887.49
2025-08-05,104.5670081967213,36,24,14,371.99999999999994
2025-08-06,124.68168032786883,30,26,12,1370.23
2025-08-07,83.48229508196721,36,39,13,343.37
2025-08-08,91.72061475409836,25,23,7,698.64
2025-08-09,96.76508196721312,28,32,12,2008.1
2025-08-10,81.58954918032788,22,29,16,863.7100000000002
2025-08-11,94.58520491803279,35,36,20,412.26
2025-08-12,108.5841393442623,21,34,20,679.05
2025-08-13,77.70151639344262,31,42,19,2024.78
2025-08-14,116.59188524590164,32,34,15,1029.35
2025-08-15,89.84901639344262,35,24,11,2866.2200000000003
2025-08-16,103.76995901639343,30,33,15,1224.1100000000001
2025-08-17,91.43651639344262,30,27,14,1473.47
2025-08-18,106.80065573770491,30,22,11,833.46
2025-08-19,100.08590163934426,30,32,13,476.34999999999997
2025-08-20,92.48889344262295,24,28,16,341.48999999999995
2025-08-21,96.08180327868854,37,25,11,688.7700000000001
2025-08-22,81.71053278688525,25,34,22,497.5200000000001
2025-08-23,125.65762295081967,26,28,11,533.96
2025-08-24,85.25971311475409,33,32,19,577.0899999999999
2025-08-25,135.4772950819672,29,20,10,601.29
2025-08-26,72.85504098360654,31,38,16,1381.8899999999999
2025-08-27,98.45774590163936,31,31,14,1047.51
2025-08-28,101.87913934426228,38,29,12,1128.3600000000001
2025-08-29,98.8666393442623,24,27,12,1126.12
2025-08-30,106.8561475409836,34,28,13,1206.18
2025-08-31,99.63184426229508,29,29,12,1179.8500000000001
2025-09-01,85.92024590163935,27,34,16,570.0
2025-09-02,109.35770491803278,32,30,14,722.66
2025-09-03,91.77573770491803,36,31,12,1442.63
2025-09-04,98.10954918032785,40,30,14,701.46
2025-09-05,132.02385245901638,27,37,14,536.92
2025-09-06,107.00356557377047,19,23,10,1523.06
2025-09-07,106.62860655737704,37,32,15,723.3699999999999
2025-09-08,108.57905737704917,29,31,19,461.23
2025-09-09,128.9470081967213,33,22,10,790.6399999999999
2025-09-10,92.90245901639345,32,26,9,1230.88
2025-09-11,86.41610655737705,39,25,11,1319.05
2025-09-12,108.51987704918032,25,24,11,1360.8199999999997
2025-09-13,102.48106557377051,18,39,18,666.46
2025-09-14,114.14631147540982,27,35,19,805.08
2025-09-15,97.23819672131147,25,28,12,724.5899999999999
2025-09-16,96.59717213114753,31,24,14,684.45
2025-09-17,145.8143032786885,34,33,15,1084.8999999999999
2025-09-18,98.78569672131147,33,28,12,1993.3899999999999
2025-09-19,101.19401639344262,32,32,15,1826.12
2025-09-20,89.62733606557377,27,35,13,1365.1200000000001
2025-09-21,110.34946721311474,31,32,19,756.5300000000001
2025-09-22,106.08393442622949,29,31,16,965.52
2025-09-23,125.40635245901639,34,27,12,1146.99
2025-09-24,117.88139344262294,29,31,13,858.9200000000001
2025-09-25,96.31217213114755,30,40,21,1076.99
2025-09-26,102.46008196721311,23,34,13,1482.4099999999999
2025-09-27,128.2494262295082,23,32,20,1183.3600000000001
2025-09-28,112.1117213114754,27,31,13,530.22
2025-09-29,87.23290983606559,30,30,11,0.0
2025-09-30,102.2497131147541,29,26,7,1392.3200000000002
2025-10-01,108.38102459016395,31,29,15,1586.15
2025-10-02,81.70647540983607,29,18,6,1843.0300000000002
2025-10-03,102.35622950819672,33,33,14,2278.02
2025-10-04,78.53266393442624,28,33,12,1603.0500000000002
2025-10-05,100.48307377049181,36,25,16,1709.01
2025-10-06,125.56061475409837,29,31,17,1483.69
2025-10-07,99.94340163934426,29,35,17,807.8899999999999
2025-10-08,93.23196721311474,37,38,17,2710.6499999999996
2025-10-09,101.86799180327867,24,31,10,1010.0900000000001
2025-10-10,88.55250000000001,26,33,11,917.47
2025-10-11,84.85241803278687,33,39,21,1116.29
2025-10-12,104.31241803278688,38,27,12,489.42
2025-10-13,63.41352459016394,28,27,13,433.1
2025-10-14,103.62176229508198,29,27,9,452.98
2025-10-15,103.750368852459,27,34,14,313.32000000000005
2025-10-16,91.13930327868852,20,37,16,385.99
2025-10-17,104.82012295081967,27,30,12,511.95
2025-10-18,81.47983606557378,26,39,14,421.95000000000005
2025-10-19,111.2725819672131,31,31,12,389.90999999999997
2025-10-20,133.02278688524592,37,36,7,991.3699999999999
2025-10-21,88.36459016393442,29,29,17,291.06
2025-10-22,98.54172131147541,23,28,12,660.9
2025-10-23,103.07282786885246,31,29,10,385.9100000000001
2025-10-24,87.97848360655738,33,31,11,913.8800000000001
2025-10-25,86.14237704918034,37,31,13,1168.95
2025-10-26,117.07459016393442,25,27,13,1401.6799999999998
2025-10-27,88.91573770491804,29,33,12,1377.6100000000001
2025-10-28,104.4867213114754,28,37,12,640.53
2025-10-29,120.62045081967213,37,28,12,705.27
2025-10-30,98.67090163934427,37,36,15,939.83
2025-10-31,78.37754098360655,30,37,15,853.3
2025-11-01,100.43622950819673,30,26,17,1189.25
2025-11-02,92.92286885245902,40,32,16,723.73
2025-11-03,80.96782786885247,28,23,12,382.9000000000001
2025-11-04,99.39885245901638,25,39,15,782.4100000000001
2025-11-05,118.10561475409835,25,24,8,751.12
2025-11-06,69.8342213114754,24,34,16,280.16999999999996
2025-11-07,119.86627049180326,26,27,13,1115.6100000000001
2025-11-08,76.19008196721312,26,36,17,963.57
2025-11-09,99.07045081967213,17,37,17,431.06
2025-11-10,105.17495901639344,44,23,8,737.9300000000001
2025-11-11,108.13754098360654,33,28,11,603.6899999999999
2025-11-12,137.94446721311473,42,21,9,836.64
2025-11-13,90.31319672131147,34,39,21,925.5599999999998
2025-11-14,89.46651639344263,37,28,15,846.8099999999998
2025-11-15,123.79942622950819,30,27,8,1030.8600000000001
2025-11-16,81.60463114754099,35,38,18,283.54999999999995
2025-11-17,107.94819672131146,28,21,7,1394.14
2025-11-18,121.5460655737705,29,47,17,1292.1100000000001
2025-11-19,93.64540983606557,29,35,16,3714.3600000000006
2025-11-20,98.64881147540983,29,26,7,426.26
2025-11-21,129.5987295081967,36,22,7,3072.4999999999995
2025-11-22,101.75942622950818,34,26,14,1804.35
2025-11-23,113.51504098360654,34,43,18,1298.83
2025-11-24,102.97540983606555,34,26,9,800.1800000000001
2025-11-25,80.63823770491804,35,23,8,790.55
2025-11-26,107.26602459016395,36,22,9,536.0799999999999
2025-11-27,126.27696721311474,24,31,13,1268.9500000000003
2025-11-28,126.50442622950818,35,23,10,596.5400000000001
2025-11-29,93.32504098360656,43,27,15,1300.83
2025-11-30,90.95827868852459,21,41,17,513.5999999999999
2025-12-01,83.42299180327869,27,35,17,972.67
2025-12-02,90.02553278688525,34,29,15,442.02
2025-12-03,105.0021721311475,39,28,14,1273.66
2025-12-04,103.2508606557377,37,29,14,1644.3300000000002
2025-12-05,114.99631147540983,33,40,12,837.97
2025-12-06,95.65934426229506,27,33,17,908.3700000000001
2025-12-07,99.9383606557377,28,36,14,436.54999999999995
2025-12-08,97.86680327868852,27,42,13,400.85999999999996
2025-12-09,95.16950819672131,25,35,18,348.92999999999995
2025-12-10,106.89934426229509,24,35,18,283.42999999999995
2025-12-11,100.91204918032786,30,26,10,832.2900000000001
2025-12-12,97.72409836065574,26,27,15,1039.9
2025-12-13,121.51700819672129,25,31,16,2412.71
2025-12-14,101.34151639344262,22,33,15,464.07000000000005
2025-12-15,91.98323770491803,27,35,13,1225.8
2025-12-16,112.82106557377051,44,25,10,971.02
2025-12-17,118.57368852459014,24,37,16,828.0
2025-12-18,99.47249999999998,20,36,13,879.2599999999998
2025-12-19,101.91782786885244,27,34,13,698.56
2025-12-20,132.01348360655737,37,43,19,901.45
2025-12-21,97.44590163934424,31,35,17,408.2900000000001
2025-12-22,121.17069672131146,33,36,18,612.29
2025-12-23,98.95897540983607,35,25,9,859.9200000000001
2025-12-24,108.4667213114754,38,29,13,1866.55
2025-12-25,89.29610655737706,30,32,13,765.0400000000001
2025-12-26,113.50352459016392,30,20,11,962.78
2025-12-27,93.44754098360654,33,31,16,1406.3900000000003
2025-12-28,99.05237704918034,36,32,13,1315.1000000000004
2025-12-29,88.80409836065574,31,30,16,855.6400000000001
2025-12-30,64.06487704918034,28,42,19,522.57
2025-12-31,76.82975409836065,19,34,17,913.6200000000001
2026-01-01,107.07721311475412,39,24,8,647.33
2026-01-02,95.83012295081967,31,32,13,1313.5500000000002
2026-01-03,86.26114754098361,39,36,14,1083.26
2026-01-04,96.93622950819673,36,25,12,1137.1799999999998
2026-01-05,118.23663934426227,32,25,12,1938.2900000000002
2026-01-06,106.79754098360657,37,32,17,1957.8700000000001
2026-01-07,119.10774590163935,23,36,15,1516.3700000000001
2026-01-08,104.94991803278688,37,24,15,1346.2800000000002
2026-01-09,99.52327868852457,25,34,17,597.52
2026-01-10,96.09327868852458,39,34,12,1922.9100000000003
2026-01-11,110.47192622950818,26,32,12,348.16999999999996
2026-01-12,98.12971311475411,32,41,14,380.47
2026-01-13,99.02610655737705,33,30,11,760.3000000000002
2026-01-14,116.36163934426229,36,26,13,593.69
2026-01-15,128.65872950819673,33,29,11,745.8699999999999
2026-01-16,79.40065573770492,34,39,17,757.9
2026-01-17,86.90897540983607,32,26,9,442.2
2026-01-18,88.25254098360656,35,34,15,343.23
2026-01-19,88.61975409836066,31,31,21,2043.6
2026-01-20,84.90987704918034,27,29,15,2149.17
2026-01-21,118.60069672131146,27,30,13,0.0
2026-01-22,85.94897540983607,34,28,19,1352.64
2026-01-23,90.46418032786886,28,29,15,2439.84
2026-01-24,83.90217213114752,28,26,12,1602.5400000000002
2026-01-25,78.39545081967213,26,37,17,2099.99
2026-01-26,99.73848360655738,35,20,11,1040.13
2026-01-27,96.66696721311476,21,32,22,0.0
2026-01-28,90.05659836065573,24,29,13,1065.8000000000002
2026-01-29,90.2435655737705,28,33,16,913.29
2026-01-30,118.9577868852459,29,36,19,1379.73
2026-01-31,94.22282786885245,24,31,14,3150.88
2026-02-01,107.23979508196722,30,27,8,949.71
2026-02-02,98.6920081967213,34,30,13,547.64
2026-02-03,102.12405737704917,25,23,9,331.67999999999995
2026-02-04,97.46668032786886,29,37,19,613.35
2026-02-05,96.26327868852458,27,37,16,864.92
2026-02-06,84.44098360655737,32,35,14,722.9
2026-02-07,86.74631147540983,31,35,8,1763.5199999999998
2026-02-08,116.04340163934425,36,24,12,849.1600000000001
2026-02-09,123.71254098360656,33,30,11,1424.4599999999998
2026-02-10,68.39008196721312,25,24,17,1018.5100000000001
2026-02-11,135.4372131147541,26,34,17,1195.6
2026-02-12,112.70770491803279,31,22,9,657.3199999999999
2026-02-13,103.53909836065573,32,24,12,1591.8300000000002
2026-02-14,80.80303278688525,15,36,15,4007.42
2026-02-15,107.44819672131148,25,43,13,447.28999999999996
2026-02-16,108.41852459016394,29,28,13,437.46000000000004
2026-02-17,111.94840163934424,37,26,11,796.07
2026-02-18,89.42520491803279,28,32,15,1046.09
2026-02-19,83.74930327868853,32,34,18,1081.42
2026-02-20,118.03430327868853,29,32,18,776.0
2026-02-21,93.99795081967213,22,29,11,598.4300000000001
2026-02-22,81.11819672131148,30,33,21,550.0300000000001
2026-02-23,114.93426229508196,28,28,13,1495.8899999999999
2026-02-24,124.26913934426229,23,25,10,1077.57
2026-02-25,103.43676229508196,33,19,10,1655.14
2026-02-26,111.26430327868852,32,31,13,947.4400000000002
2026-02-27,108.94745901639344,36,26,9,1447.0400000000002
2026-02-28,96.09389344262296,21,43,15,1676.17
2026-03-01,94.22844262295082,21,32,15,1748.21
2026-03-02,95.31139344262294,23,34,16,954.28
2026-03-03,95.46823770491804,30,35,12,2154.66
2026-03-04,97.03020491803277,20,38,19,403.39
2026-03-05,91.4247131147541,20,35,17,623.27
2026-03-06,96.9804918032787,30,25,16,477.72
2026-03-07,87.27065573770493,28,28,16,1417.52
2026-03-08,124.68565573770492,46,27,19,801.7200000000001
2026-03-09,108.74331967213116,32,36,19,420.88
2026-03-10,126.30004098360654,37,29,15,689.9300000000001
2026-03-11,85.39491803278689,37,31,19,708.48
2026-03-12,95.18233606557376,25,23,10,2895.3999999999996
2026-03-13,100.70926229508197,31,37,13,2784.34
2026-03-14,89.27918032786886,31,37,16,1075.8500000000001
2026-03-15,96.4638524590164,34,29,13,852.28
2026-03-16,96.93823770491804,34,33,17,485.72
2026-03-17,120.43725409836065,37,26,13,582.0400000000001
2026-03-18,97.59184426229507,28,33,16,922.4999999999999
2026-03-19,89.29364754098361,29,31,17,610.6700000000001
2026-03-20,105.96131147540981,24,36,20,1003.2700000000001
2026-03-21,91.9783606557377,30,32,16,496.49000000000007
2026-03-22,102.73258196721312,23,25,13,556.6
2026-03-23,93.01561475409835,26,31,15,1120.61
2026-03-24,103.37159836065572,41,32,14,1041.3899999999999
2026-03-25,127.16340163934424,33,19,7,1153.89
2026-03-26,101.29680327868853,29,30,15,668.27
2026-03-27,90.78303278688523,26,31,12,2152.5
2026-03-28,110.81254098360655,34,40,12,922.6600000000001
2026-03-29,76.87889344262297,35,25,12,924.5899999999999
2026-03-30,84.85700819672131,38,29,13,1539.72
2026-03-31,76.37536885245902,36,21,11,616.95
2026-04-01,96.85413934426231,27,27,14,1099.9499999999998
2026-04-02,77.70368852459015,22,40,19,1353.18
2026-04-03,82.55053278688524,25,27,18,1050.48
2026-04-04,96.7484426229508,24,32,14,1042.14
2026-04-05,114.39516393442622,37,27,12,1890.1200000000001
2026-04-06,110.30655737704919,29,30,17,1477.79
2026-04-07,91.44495901639345,29,28,18,1033.8600000000001
2026-04-08,129.0204098360656,36,28,14,1204.13
2026-04-09,96.57110655737705,26,27,9,2936.4800000000005
2026-04-10,89.66028688524592,25,32,11,2777.9700000000003
2026-04-11,97.75094262295083,39,24,10,646.54
2026-04-12,79.97233606557377,27,49,22,584.3399999999999
2026-04-13,120.65770491803279,33,33,13,1593.4499999999998
2026-04-14,89.57159836065574,33,35,18,783.0699999999999
2026-04-15,115.27627049180326,35,25,12,548.48
2026-04-16,109.59770491803278,33,41,19,938.3199999999999
2026-04-17,82.62331967213115,31,31,11,1075.56
2026-04-18,92.32586065573771,28,28,14,1208.74
2026-04-19,91.22040983606558,35,27,11,607.9499999999999
2026-04-20,86.45106557377048,35,33,13,519.23
2026-04-21,99.51159836065574,28,44,18,430.46
2026-04-22,94.8355737704918,25,36,23,723.67
2026-04-23,125.21495901639344,25,32,15,2613.16
2026-04-24,87.25536885245903,19,49,17,1040.65
2026-04-25,94.18881147540985,36,26,16,0.0
2026-04-26,88.14331967213116,41,31,16,635.0100000000001
2026-04-27,113.43020491803279,25,32,9,1086.6
2026-04-28,92.93766393442624,33,31,12,674.66
2026-04-29,82.51684426229508,30,35,15,322.46000000000004
2026-04-30,73.22352459016393,32,31,13,679.3499999999999
2026-05-01,99.42172131147544,32,28,12,212.86
2026-05-02,105.34684426229506,37,29,9,506.9099999999999
2026-05-03,88.55049180327869,26,33,16,315.83
2026-05-04,101.05782786885246,37,21,10,924.23
2026-05-05,113.99688524590165,40,26,14,529.1
2026-05-06,102.7633606557377,29,23,10,1867.1499999999999
2026-05-07,90.17586065573772,32,30,18,861.08
2026-05-08,89.6422131147541,35,33,15,987.9899999999999
2026-05-09,102.8,28,36,14,697.21
2026-05-10,97.10323770491804,25,33,16,680.0999999999999
2026-05-11,70.25954918032788,23,24,12,1856.86
2026-05-12,103.44032786885245,34,32,13,1140.6100000000001
2026-05-13,83.06217213114753,32,39,17,1635.3500000000001
2026-05-14,132.50282786885248,41,26,16,2578.0600000000004
2026-05-15,89.20631147540983,28,34,16,1425.4099999999999
2026-05-16,115.60262295081968,33,29,14,1082.78
2026-05-17,101.22077868852459,24,32,15,910.0799999999999
2026-05-18,122.49868852459015,37,25,8,577.56
2026-05-19,9.17766393442623,75,20,1,472.26
